Price_BRL,Apt_Area_m2,Total_Rooms,Total_Baths,Garage_Spots_aux,Asa Sul,Cruzeiro,Guará,Guará II,Lago Norte,Lago Sul,Noroeste,Octogonal,Park Sul,Setor De Clubes Esportivos Sul,Setor Habitacional Jardins Mangueiral,Setor de Hotéis e Turismo Norte,Sobradinho,Sudoeste,Taguatinga,Águas Claras
3777210.0,201.0,4.0,6.0,4.0,0,0,0,0,0,0,0,0,0,0,0,0,0,1,0,0
1590000.0,178.0,3.0,3.0,0.0,1,0,0,0,0,0,0,0,0,0,0,0,0,0,0,0
730000.0,78.0,3.0,2.0,0.0,1,0,0,0,0,0,0,0,0,0,0,0,0,0,0,0
780000.0,60.0,2.0,2.0,0.0,0,0,0,0,0,0,0,0,0,0,0,0,0,0,0,0
310000.0,26.0,1.0,1.0,1.0,0,0,0,0,0,0,0,0,0,0,0,0,0,0,0,0
320000.0,23.0,1.0,1.0,1.0,0,0,0,0,0,0,0,0,0,0,0,0,0,0,0,0
860000.0,68.0,2.0,1.0,1.0,0,0,0,0,0,0,0,1,0,0,0,0,0,0,0,0
1450000.0,161.0,3.0,3.0,0.0,1,0,0,0,0,0,0,0,0,0,0,0,0,0,0,0
304999.0,48.0,2.0,1.0,1.0,0,0,0,0,0,0,0,0,0,0,1,0,0,0,0,0
1680000.0,286.0,4.0,3.0,1.0,0,0,0,0,0,0,0,0,0,0,0,0,0,0,0,0
1750000.0,210.0,4.0,3.0,1.0,1,0,0,0,0,0,0,0,0,0,0,0,0,0,0,0
950000.0,69.0,2.0,2.0,1.0,0,0,0,0,0,0,0,0,0,0,0,0,0,0,0,0
850000.0,91.0,3.0,1.0,2.0,0,0,0,1,0,0,0,0,0,0,0,0,0,0,0,0
1250000.0,102.0,3.0,2.0,1.0,0,0,0,0,0,0,0,0,0,0,0,0,0,0,0,0
1160000.0,146.0,2.0,2.0,1.0,0,0,0,0,0,0,0,0,0,0,0,0,0,1,0,0
1080000.0,81.0,3.0,2.0,1.0,0,0,0,0,0,0,0,0,0,0,0,0,0,1,0,0
720000.0,96.0,3.0,2.0,1.0,1,0,0,0,0,0,0,0,0,0,0,0,0,0,0,0
1690000.0,125.0,3.0,3.0,0.0,0,0,0,0,0,0,0,0,0,0,0,0,0,0,0,0
770000.0,99.0,3.0,2.0,0.0,0,0,0,0,0,0,0,0,0,0,0,0,0,0,0,0
750000.0,53.0,2.0,2.0,1.0,0,0,0,0,0,0,0,0,1,0,0,0,0,0,0,0
1844000.0,213.0,4.0,4.0,1.0,0,0,0,0,0,0,0,0,0,0,0,0,0,0,0,0
630000.0,54.0,2.0,1.0,1.0,0,0,0,0,1,0,0,0,0,0,0,0,0,0,0,0
2800000.0,238.0,4.0,2.0,0.0,1,0,0,0,0,0,0,0,0,0,0,0,0,0,0,0
3400000.0,400.0,5.0,6.0,4.0,0,0,0,0,0,0,0,0,0,0,0,0,0,0,0,0
2190000.0,275.0,3.0,1.0,3.0,0,0,0,0,0,0,1,0,0,0,0,0,0,0,0,0
2750000.0,166.0,3.0,5.0,3.0,0,0,0,0,0,0,1,0,0,0,0,0,0,0,0,0
1154000.0,74.0,2.0,3.0,2.0,0,0,0,0,0,0,1,0,0,0,0,0,0,0,0,0
400000.0,63.0,1.0,1.0,0.0,0,0,0,0,0,0,0,0,1,0,0,0,0,0,0,0
1590000.0,135.0,3.0,4.0,0.0,1,0,0,0,0,0,0,0,0,0,0,0,0,0,0,0
969000.0,122.0,2.0,2.0,1.0,0,0,0,0,0,0,0,0,0,0,0,0,0,1,0,0
1890000.0,199.0,3.0,4.0,1.0,1,0,0,0,0,0,0,0,0,0,0,0,0,0,0,0
585000.0,55.0,2.0,1.0,0.0,1,0,0,0,0,0,0,0,0,0,0,0,0,0,0,0
2450000.0,145.0,4.0,5.0,3.0,0,0,0,0,0,0,1,0,0,0,0,0,0,0,0,0
1335000.0,105.0,3.0,3.0,2.0,0,0,0,0,0,0,0,0,0,0,0,0,0,1,0,0
689000.0,64.0,3.0,2.0,0.0,0,1,0,0,0,0,0,0,0,0,0,0,0,0,0,0
1580000.0,132.0,4.0,2.0,0.0,0,0,0,0,0,0,0,0,0,0,0,0,0,0,0,0
3878267.0,230.0,4.0,6.0,4.0,0,0,0,0,0,0,0,0,0,0,0,0,0,1,0,0
359000.0,39.0,1.0,1.0,0.0,1,0,0,0,0,0,0,0,0,0,0,0,0,0,0,0
1250000.0,77.0,2.0,2.0,1.0,0,0,0,0,0,0,0,0,0,0,0,0,0,0,0,0
265000.0,26.0,1.0,1.0,1.0,0,0,0,0,0,0,0,0,0,0,0,0,0,0,0,0
990000.0,98.0,2.0,2.0,1.0,1,0,0,0,0,0,0,0,0,0,0,0,0,0,0,0
1100000.0,79.0,2.0,2.0,1.0,0,0,0,0,0,0,0,0,0,0,0,0,0,0,0,0
1450000.0,125.0,3.0,3.0,1.0,0,0,0,0,0,0,0,0,0,0,0,0,0,0,0,0
730000.0,80.0,3.0,1.0,0.0,0,0,0,0,0,0,0,0,0,0,0,0,0,0,0,0
1560000.0,100.0,3.0,4.0,1.0,0,0,0,0,0,0,1,0,0,0,0,0,0,0,0,0
790000.0,109.0,4.0,5.0,1.0,0,0,0,0,0,0,0,0,0,0,0,0,0,0,0,1
2380000.0,147.0,4.0,4.0,2.0,0,0,0,0,0,0,0,0,0,0,0,0,0,1,0,0
2190000.0,148.0,2.0,2.0,2.0,0,0,0,0,0,0,0,0,1,0,0,0,0,0,0,0
1345000.0,97.0,3.0,3.0,1.0,0,0,0,0,0,0,0,0,0,0,0,0,0,0,0,0
1750000.0,115.0,3.0,2.0,2.0,0,0,0,0,0,0,1,0,0,0,0,0,0,0,0,0
620000.0,60.0,2.0,1.0,0.0,0,0,0,0,0,0,0,0,0,0,0,0,0,1,0,0
2250000.0,119.0,3.0,4.0,2.0,0,0,0,0,0,0,1,0,0,0,0,0,0,0,0,0
1250000.0,77.0,2.0,2.0,1.0,1,0,0,0,0,0,0,0,0,0,0,0,0,0,0,0
275000.0,26.0,1.0,1.0,1.0,0,0,0,0,0,0,0,0,0,0,0,0,0,0,0,0
750000.0,89.0,3.0,2.0,0.0,1,0,0,0,0,0,0,0,0,0,0,0,0,0,0,0
875000.0,84.0,3.0,2.0,0.0,0,0,0,0,0,0,0,0,0,0,0,0,0,0,0,0
830000.0,90.0,3.0,2.0,0.0,1,0,0,0,0,0,0,0,0,0,0,0,0,0,0,0
1685000.0,125.0,3.0,3.0,0.0,0,0,0,0,0,0,0,0,0,0,0,0,0,0,0,0
449000.0,60.0,1.0,1.0,1.0,0,0,0,0,0,0,0,0,1,0,0,0,0,0,0,0
1580000.0,150.0,3.0,3.0,2.0,1,0,0,0,0,0,0,0,0,0,0,0,0,0,0,0
579924.0,37.0,1.0,1.0,1.0,0,0,0,0,0,0,0,0,0,0,0,0,0,0,0,0
1790000.0,120.0,3.0,3.0,1.0,1,0,0,0,0,0,0,0,0,0,0,0,0,0,0,0
1550000.0,132.0,4.0,3.0,1.0,0,0,0,0,0,0,0,0,0,0,0,0,0,0,0,0
985000.0,78.0,2.0,2.0,1.0,0,0,0,0,0,0,0,0,0,0,0,0,0,1,0,0
480000.0,63.0,1.0,1.0,1.0,0,0,0,0,0,0,0,0,0,0,0,0,0,0,0,1
950000.0,70.0,2.0,2.0,1.0,0,0,0,0,0,0,0,0,0,0,0,0,0,0,0,0
2699000.0,216.0,4.0,4.0,2.0,0,0,0,0,0,0,0,0,0,0,0,0,0,0,0,0
1170000.0,69.0,2.0,3.0,2.0,0,0,0,0,0,0,1,0,0,0,0,0,0,0,0,0
1360000.0,135.0,3.0,3.0,1.0,0,0,0,0,0,0,0,0,0,0,0,0,0,0,0,0
1650000.0,104.0,3.0,2.0,2.0,0,0,0,0,0,0,1,0,0,0,0,0,0,0,0,0
520000.0,37.0,1.0,1.0,0.0,0,0,0,0,0,0,0,0,0,0,0,1,0,0,0,0
350000.0,29.0,1.0,1.0,0.0,0,0,0,0,0,0,0,0,0,0,0,0,0,1,0,0
269900.0,26.0,1.0,1.0,0.0,0,0,0,0,0,0,0,0,0,0,0,0,0,1,0,0
1270000.0,97.0,3.0,3.0,1.0,0,0,0,0,0,0,0,0,0,0,0,0,0,1,0,0
1550000.0,105.0,3.0,3.0,2.0,0,0,0,0,0,0,1,0,0,0,0,0,0,0,0,0
2745000.0,227.0,4.0,6.0,3.0,0,0,0,0,0,0,1,0,0,0,0,0,0,0,0,0
1355000.0,114.0,3.0,3.0,1.0,0,0,0,0,0,0,0,0,0,0,0,0,0,1,0,0
510000.0,39.0,1.0,1.0,1.0,0,0,0,0,0,0,1,0,0,0,0,0,0,0,0,0
1750000.0,183.0,4.0,3.0,1.0,1,0,0,0,0,0,0,0,0,0,0,0,0,0,0,0
337000.0,44.0,1.0,1.0,1.0,0,0,0,0,0,0,0,0,0,0,0,0,0,0,0,1
849000.0,82.0,2.0,3.0,0.0,1,0,0,0,0,0,0,0,0,0,0,0,0,0,0,0
1430000.0,172.0,2.0,2.0,2.0,0,0,0,0,0,0,1,0,0,0,0,0,0,0,0,0
1780000.0,104.0,3.0,3.0,2.0,0,0,0,0,0,0,1,0,0,0,0,0,0,0,0,0
999000.0,140.0,2.0,1.0,1.0,0,0,0,0,0,0,1,0,0,0,0,0,0,0,0,0
510000.0,53.0,2.0,1.0,0.0,1,0,0,0,0,0,0,0,0,0,0,0,0,0,0,0
1270000.0,146.0,3.0,3.0,1.0,0,0,0,0,0,0,0,0,0,0,0,0,0,1,0,0
1800000.0,161.0,3.0,3.0,0.0,1,0,0,0,0,0,0,0,0,0,0,0,0,0,0,0
1350000.0,122.0,3.0,2.0,0.0,1,0,0,0,0,0,0,0,0,0,0,0,0,0,0,0
2600000.0,153.0,4.0,6.0,2.0,0,0,0,0,0,0,1,0,0,0,0,0,0,0,0,0
1900000.0,118.0,3.0,3.0,1.0,0,0,0,0,0,0,0,0,0,0,0,0,0,0,0,0
289000.0,24.0,1.0,1.0,1.0,0,0,0,0,0,0,0,0,0,0,0,0,0,1,0,0
649000.0,85.0,2.0,1.0,0.0,0,0,0,0,0,0,0,0,0,0,0,0,0,1,0,0
550000.0,60.0,1.0,1.0,0.0,0,0,0,0,0,0,0,0,0,0,0,0,0,1,0,0
3371817.0,186.0,4.0,6.0,3.0,0,0,0,0,0,0,0,0,0,0,0,0,0,1,0,0
370000.0,33.0,1.0,1.0,1.0,0,0,0,0,0,0,0,0,0,0,0,0,0,0,0,1
749990.0,86.0,1.0,1.0,0.0,0,0,0,0,0,0,0,0,0,1,0,0,0,0,0,0
2100000.0,147.0,3.0,5.0,2.0,0,0,0,0,0,0,1,0,0,0,0,0,0,0,0,0
330000.0,26.0,1.0,1.0,1.0,0,0,0,0,0,0,0,0,0,0,0,0,0,0,0,0
360000.0,69.0,1.0,1.0,1.0,0,0,0,0,0,0,1,0,0,0,0,0,0,0,0,0
1380000.0,96.0,3.0,3.0,2.0,0,0,0,0,0,0,1,0,0,0,0,0,0,0,0,0
2490000.0,229.0,3.0,5.0,3.0,0,0,0,1,0,0,0,0,0,0,0,0,0,0,0,0
1250000.0,86.0,2.0,3.0,1.0,0,0,0,0,0,0,1,0,0,0,0,0,0,0,0,0
320000.0,42.0,1.0,1.0,0.0,0,0,0,0,0,0,0,0,0,0,0,0,0,0,0,0
540000.0,38.0,2.0,1.0,1.0,0,0,0,0,0,0,0,0,0,0,0,0,0,1,0,0
930000.0,66.0,1.0,1.0,2.0,0,0,0,0,0,0,1,0,0,0,0,0,0,0,0,0
2320000.0,155.0,3.0,4.0,3.0,0,0,0,0,0,0,1,0,0,0,0,0,0,0,0,0
330000.0,27.0,1.0,1.0,1.0,0,0,0,0,0,0,0,0,0,0,0,0,0,0,0,0
1974455.0,129.0,4.0,5.0,2.0,0,0,0,0,0,0,0,0,1,0,0,0,0,0,0,0
830000.0,72.0,2.0,2.0,0.0,1,0,0,0,0,0,0,0,0,0,0,0,0,0,0,0
2390000.0,143.0,4.0,6.0,3.0,0,0,0,0,0,0,0,0,0,0,0,0,0,1,0,0
695000.0,61.0,2.0,1.0,0.0,0,0,0,0,0,0,0,0,0,0,0,0,0,1,0,0
2290000.0,185.0,3.0,3.0,1.0,1,0,0,0,0,0,0,0,0,0,0,0,0,0,0,0
1290000.0,78.0,2.0,3.0,1.0,0,0,0,0,0,0,1,0,0,0,0,0,0,0,0,0
790000.0,80.0,3.0,1.0,2.0,0,0,0,1,0,0,0,0,0,0,0,0,0,0,0,0
900000.0,68.0,2.0,2.0,1.0,0,0,0,0,0,0,0,1,0,0,0,0,0,0,0,0
3675038.0,200.0,4.0,6.0,4.0,0,0,0,0,0,0,0,0,0,0,0,0,0,1,0,0
2190000.0,147.0,3.0,5.0,1.0,1,0,0,0,0,0,0,0,0,0,0,0,0,0,0,0
1300000.0,77.0,2.0,2.0,2.0,0,0,0,0,0,0,1,0,0,0,0,0,0,0,0,0
1199000.0,171.0,2.0,3.0,2.0,0,0,0,0,0,0,1,0,0,0,0,0,0,0,0,0
579123.0,48.0,1.0,1.0,0.0,0,0,0,0,0,0,1,0,0,0,0,0,0,0,0,0
1130000.0,118.0,4.0,4.0,2.0,0,0,0,0,0,0,0,0,0,0,0,0,0,0,0,1
330000.0,47.0,1.0,1.0,1.0,0,0,0,0,0,0,0,0,1,0,0,0,0,0,0,0
1690000.0,157.0,3.0,3.0,1.0,1,0,0,0,0,0,0,0,0,0,0,0,0,0,0,0
240000.0,27.0,1.0,1.0,0.0,0,0,0,0,0,0,0,0,0,0,0,0,0,1,0,0
530000.0,43.0,1.0,1.0,0.0,1,0,0,0,0,0,0,0,0,0,0,0,0,0,0,0
475000.0,92.0,2.0,2.0,1.0,0,0,0,0,0,0,0,0,0,0,0,0,0,0,0,1
560000.0,91.0,2.0,1.0,1.0,0,0,0,0,1,0,0,0,0,0,0,0,0,0,0,0
1390000.0,136.0,3.0,2.0,1.0,1,0,0,0,0,0,0,0,0,0,0,0,0,0,0,0
1389000.0,145.0,3.0,3.0,1.0,1,0,0,0,0,0,0,0,0,0,0,0,0,0,0,0
335000.0,50.0,2.0,1.0,1.0,0,0,0,0,0,0,0,0,0,0,1,0,0,0,0,0
1549000.0,192.0,3.0,2.0,2.0,0,0,0,0,0,0,1,0,0,0,0,0,0,0,0,0
1360000.0,124.0,3.0,3.0,0.0,1,0,0,0,0,0,0,0,0,0,0,0,0,0,0,0
1250000.0,77.0,1.0,2.0,1.0,1,0,0,0,0,0,0,0,0,0,0,0,0,0,0,0
2280000.0,170.0,4.0,4.0,4.0,0,0,0,0,0,0,0,0,0,0,0,0,0,1,0,0
675000.0,62.0,3.0,2.0,0.0,0,1,0,0,0,0,0,0,0,0,0,0,0,0,0,0
445000.0,43.0,2.0,1.0,0.0,1,0,0,0,0,0,0,0,0,0,0,0,0,0,0,0
4223030.0,301.0,4.0,6.0,4.0,0,0,0,0,0,0,1,0,0,0,0,0,0,0,0,0
650000.0,60.0,2.0,1.0,0.0,0,0,0,0,0,0,0,0,0,0,0,0,0,1,0,0
620000.0,54.0,2.0,1.0,0.0,1,0,0,0,0,0,0,0,0,0,0,0,0,0,0,0
2148000.0,245.0,4.0,3.0,2.0,0,0,0,0,0,0,0,0,0,0,0,0,0,0,0,0
1490000.0,197.0,3.0,2.0,1.0,0,0,0,0,0,0,0,0,0,0,0,0,0,0,0,0
2362705.0,122.0,3.0,4.0,2.0,0,0,0,0,0,0,0,0,0,0,0,0,0,1,0,0
320000.0,51.0,1.0,1.0,1.0,0,0,0,0,0,0,0,0,0,0,0,0,0,1,0,0
1500000.0,209.0,3.0,3.0,1.0,0,0,0,0,0,0,0,0,0,0,0,0,0,0,0,0
1622000.0,130.0,3.0,4.0,2.0,0,0,0,0,0,0,0,0,0,0,0,0,0,0,0,0
3878267.0,230.0,4.0,6.0,4.0,0,0,0,0,0,0,0,0,0,0,0,0,0,1,0,0
1250000.0,77.0,2.0,2.0,1.0,1,0,0,0,0,0,0,0,0,0,0,0,0,0,0,0
750000.0,86.0,3.0,2.0,0.0,0,0,0,0,0,0,0,0,0,0,0,0,0,0,0,0
2500000.0,210.0,2.0,4.0,2.0,0,0,0,0,0,0,0,0,0,0,0,0,0,0,0,0
1750000.0,172.0,3.0,2.0,2.0,1,0,0,0,0,0,0,0,0,0,0,0,0,0,0,0
2850000.0,177.0,3.0,3.0,0.0,1,0,0,0,0,0,0,0,0,0,0,0,0,0,0,0
2156474.0,113.0,3.0,4.0,2.0,0,0,0,0,0,0,1,0,0,0,0,0,0,0,0,0
2800000.0,360.0,4.0,4.0,3.0,0,0,0,0,0,0,1,0,0,0,0,0,0,0,0,0
1450000.0,169.0,3.0,3.0,1.0,1,0,0,0,0,0,0,0,0,0,0,0,0,0,0,0
1890000.0,125.0,4.0,3.0,2.0,0,0,0,0,0,0,0,0,0,0,0,0,0,1,0,0
2350000.0,188.0,2.0,4.0,2.0,0,0,0,0,0,0,0,0,0,0,0,0,0,0,0,0
950000.0,76.0,2.0,2.0,1.0,0,0,0,0,0,0,0,0,0,0,0,0,0,0,0,0
840000.0,69.0,2.0,2.0,1.0,0,0,0,0,0,0,0,0,0,0,0,0,0,1,0,0
3795000.0,234.0,4.0,6.0,2.0,0,0,0,0,0,0,0,0,1,0,0,0,0,0,0,0
1275000.0,87.0,1.0,1.0,0.0,0,0,0,0,0,0,0,0,0,1,0,0,0,0,0,0
2200000.0,221.0,4.0,2.0,1.0,1,0,0,0,0,0,0,0,0,0,0,0,0,0,0,0
3850000.0,498.0,4.0,6.0,3.0,0,0,0,0,0,0,0,0,0,0,0,0,0,1,0,0
640000.0,45.0,1.0,1.0,0.0,0,0,0,0,0,0,0,0,0,0,0,0,0,0,0,0
980000.0,142.0,3.0,5.0,2.0,0,0,0,0,0,0,0,0,0,0,0,0,0,0,0,1
590000.0,58.0,2.0,1.0,0.0,0,0,0,0,0,0,0,0,0,0,0,0,0,1,0,0
780000.0,120.0,1.0,1.0,2.0,0,0,0,0,0,0,1,0,0,0,0,0,0,0,0,0
678000.0,66.0,2.0,2.0,0.0,0,1,0,0,0,0,0,0,0,0,0,0,0,0,0,0
290000.0,31.0,1.0,1.0,0.0,0,0,0,0,0,0,0,0,0,0,0,0,0,0,0,0
1195000.0,74.0,2.0,3.0,2.0,0,0,0,0,0,0,1,0,0,0,0,0,0,0,0,0
2840000.0,173.0,4.0,6.0,3.0,0,0,0,0,0,0,1,0,0,0,0,0,0,0,0,0
2482284.0,132.0,3.0,5.0,3.0,0,0,0,0,0,0,1,0,0,0,0,0,0,0,0,0
1997000.0,287.0,2.0,1.0,3.0,0,0,0,0,0,0,1,0,0,0,0,0,0,0,0,0
1590000.0,107.0,3.0,3.0,2.0,0,0,0,0,0,0,1,0,0,0,0,0,0,0,0,0
1200000.0,96.0,3.0,3.0,2.0,0,0,0,0,0,0,1,0,0,0,0,0,0,0,0,0
305000.0,50.0,2.0,1.0,1.0,0,0,0,0,0,0,0,0,0,0,1,0,0,0,0,0
600000.0,104.0,1.0,2.0,1.0,0,0,0,0,1,0,0,0,0,0,0,0,0,0,0,0
4100000.0,600.0,4.0,6.0,4.0,0,0,0,0,0,0,1,0,0,0,0,0,0,0,0,0
648000.0,49.0,1.0,1.0,0.0,0,0,0,0,0,0,0,0,0,0,0,0,0,0,0,0
485000.0,77.0,3.0,3.0,1.0,0,0,0,1,0,0,0,0,0,0,0,0,0,0,0,0
1790000.0,225.0,3.0,5.0,3.0,0,0,0,0,0,0,0,0,1,0,0,0,0,0,0,0
259000.0,127.0,2.0,1.0,1.0,0,0,0,0,0,0,0,0,0,0,1,0,0,0,0,0
878315.0,52.0,2.0,2.0,0.0,0,0,0,0,0,0,1,0,0,0,0,0,0,0,0,0
2250000.0,155.0,4.0,3.0,2.0,0,0,0,0,0,0,0,0,0,0,0,0,0,0,0,0
2400000.0,153.0,4.0,5.0,4.0,0,0,0,0,0,0,1,0,0,0,0,0,0,0,0,0
1220000.0,83.0,2.0,2.0,2.0,0,0,0,0,0,0,1,0,0,0,0,0,0,0,0,0
280000.0,50.0,2.0,1.0,1.0,0,0,0,0,0,0,0,0,0,0,1,0,0,0,0,0
3035736.0,205.0,4.0,7.0,4.0,0,0,0,0,0,0,0,0,1,0,0,0,0,0,0,0
680000.0,106.0,1.0,2.0,1.0,0,0,0,0,0,0,0,0,1,0,0,0,0,0,0,0
1550000.0,237.0,4.0,3.0,1.0,1,0,0,0,0,0,0,0,0,0,0,0,0,0,0,0
1480000.0,98.0,3.0,3.0,1.0,0,0,0,0,0,0,0,0,0,0,0,0,0,1,0,0
1240000.0,80.0,2.0,2.0,2.0,0,0,0,0,0,0,1,0,0,0,0,0,0,0,0,0
1690000.0,134.0,3.0,3.0,2.0,0,0,0,0,0,0,0,0,0,0,0,0,0,0,0,0
1180000.0,83.0,2.0,3.0,2.0,0,0,0,0,0,0,1,0,0,0,0,0,0,0,0,0
850000.0,85.0,3.0,1.0,0.0,1,0,0,0,0,0,0,0,0,0,0,0,0,0,0,0
3328246.0,172.0,3.0,6.0,3.0,0,0,0,0,0,0,0,0,0,0,0,0,0,1,0,0
384000.0,22.0,1.0,1.0,1.0,0,0,0,0,0,0,0,0,0,0,0,0,0,1,0,0
590000.0,59.0,2.0,1.0,0.0,0,0,0,0,0,0,0,0,0,0,0,0,0,1,0,0
1030000.0,128.0,2.0,3.0,1.0,0,0,0,0,0,0,0,0,0,0,0,0,0,0,0,0
1400000.0,85.0,2.0,2.0,2.0,0,0,0,0,0,0,1,0,0,0,0,0,0,0,0,0
1891184.0,126.0,3.0,4.0,2.0,0,0,0,0,0,0,0,0,1,0,0,0,0,0,0,0
720000.0,92.0,3.0,3.0,1.0,0,0,0,0,0,0,0,0,0,0,0,0,0,0,0,1
1420000.0,100.0,3.0,3.0,1.0,0,0,0,0,0,0,0,0,0,0,0,0,0,0,0,0
3320076.0,172.0,4.0,6.0,3.0,0,0,0,0,0,0,0,0,0,0,0,0,0,1,0,0
670000.0,77.0,2.0,1.0,0.0,0,0,0,0,0,0,0,0,0,0,0,0,0,1,0,0
780000.0,78.0,3.0,2.0,0.0,0,0,0,0,0,0,0,0,0,0,0,0,0,0,0,0
1229000.0,87.0,3.0,3.0,1.0,0,0,0,0,0,0,0,0,0,0,0,0,0,1,0,0
1050000.0,96.0,3.0,2.0,0.0,0,0,0,0,0,0,0,0,0,0,0,0,0,0,0,0
425000.0,30.0,1.0,1.0,1.0,0,0,0,0,0,0,0,0,0,0,0,0,0,0,0,0
1490000.0,196.0,3.0,3.0,1.0,0,0,0,0,0,0,0,0,0,0,0,0,0,0,0,0
1100000.0,153.0,3.0,5.0,2.0,0,0,0,0,0,0,0,0,1,0,0,0,0,0,0,0
1670000.0,197.0,3.0,2.0,2.0,0,0,0,0,0,0,1,0,0,0,0,0,0,0,0,0
3036605.0,185.0,3.0,5.0,3.0,0,0,0,0,0,0,0,0,1,0,0,0,0,0,0,0
299000.0,26.0,1.0,1.0,1.0,0,0,0,0,0,0,0,0,0,0,0,0,0,0,0,0
1589900.0,120.0,3.0,3.0,1.0,1,0,0,0,0,0,0,0,0,0,0,0,0,0,0,0
1550000.0,147.0,3.0,3.0,1.0,1,0,0,0,0,0,0,0,0,0,0,0,0,0,0,0
1750000.0,174.0,3.0,3.0,1.0,0,0,0,0,0,0,0,0,0,0,0,0,0,1,0,0
330000.0,27.0,1.0,1.0,1.0,0,0,0,0,0,0,0,0,0,0,0,0,0,0,0,0
1750000.0,201.0,4.0,3.0,1.0,0,0,0,0,0,0,0,0,0,0,0,0,0,0,0,0
2471000.0,195.0,4.0,6.0,5.0,0,0,0,0,0,0,1,0,0,0,0,0,0,0,0,0
800000.0,76.0,3.0,2.0,0.0,0,0,0,0,0,0,0,0,0,0,0,0,0,0,0,0
2150000.0,240.0,4.0,6.0,2.0,0,0,0,0,0,0,1,0,0,0,0,0,0,0,0,0
430860.0,35.0,1.0,1.0,1.0,0,0,0,0,0,0,0,0,1,0,0,0,0,0,0,0
2726342.0,322.0,4.0,6.0,3.0,0,0,0,0,0,0,1,0,0,0,0,0,0,0,0,0
1942900.0,125.0,3.0,4.0,2.0,0,0,0,0,0,0,1,0,0,0,0,0,0,0,0,0
698000.0,100.0,3.0,3.0,1.0,0,0,0,0,0,0,0,0,0,0,0,0,1,0,0,0
1380000.0,113.0,3.0,2.0,1.0,0,0,0,0,0,0,0,0,0,0,0,0,0,0,0,0
1695000.0,126.0,4.0,2.0,2.0,0,0,0,0,0,0,0,0,0,0,0,0,0,1,0,0
325000.0,34.0,1.0,1.0,0.0,0,0,0,0,0,0,0,0,0,0,0,0,0,0,0,0
1270000.0,78.0,2.0,2.0,2.0,0,0,0,0,0,0,1,0,0,0,0,0,0,0,0,0
1757000.0,243.0,3.0,5.0,2.0,0,0,0,0,0,0,1,0,0,0,0,0,0,0,0,0
1450000.0,182.0,2.0,2.0,2.0,0,0,0,0,0,0,0,0,0,0,0,0,0,0,0,0
910000.0,75.0,2.0,2.0,1.0,0,0,0,0,0,0,0,0,0,0,0,0,0,1,0,0
870000.0,67.0,2.0,3.0,1.0,0,0,0,0,0,0,0,0,0,0,0,0,0,0,0,0
495000.0,34.0,1.0,1.0,1.0,0,0,0,0,0,0,1,0,0,0,0,0,0,0,0,0
4700000.0,373.0,3.0,5.0,4.0,0,0,0,0,0,0,0,0,0,0,0,0,0,0,0,0
2583200.0,155.0,4.0,6.0,3.0,0,0,0,0,0,0,1,0,0,0,0,0,0,0,0,0
769000.0,66.0,2.0,2.0,1.0,0,0,0,0,0,0,0,1,0,0,0,0,0,0,0,0
1190000.0,51.0,1.0,1.0,1.0,1,0,0,0,0,0,0,0,0,0,0,0,0,0,0,0
890000.0,48.0,1.0,1.0,1.0,1,0,0,0,0,0,0,0,0,0,0,0,0,0,0,0
2471000.0,215.0,4.0,4.0,5.0,0,0,0,0,0,0,1,0,0,0,0,0,0,0,0,0
395000.0,67.0,1.0,1.0,1.0,0,0,0,0,0,0,0,0,0,0,0,0,0,0,0,0
3023960.0,197.0,4.0,6.0,4.0,0,0,0,0,0,0,1,0,0,0,0,0,0,0,0,0
1700000.0,148.0,4.0,4.0,2.0,0,0,0,0,0,0,0,0,0,0,0,0,0,1,0,0
2150000.0,239.0,3.0,3.0,1.0,1,0,0,0,0,0,0,0,0,0,0,0,0,0,0,0
1550000.0,105.0,3.0,2.0,1.0,0,0,0,0,0,0,0,0,0,0,0,0,0,0,0,0
787000.0,79.0,3.0,2.0,0.0,0,0,0,0,0,0,0,0,0,0,0,0,0,0,0,0
2740000.0,191.0,4.0,5.0,3.0,0,0,0,0,0,0,1,0,0,0,0,0,0,0,0,0
2500000.0,250.0,3.0,4.0,2.0,1,0,0,0,0,0,0,0,0,0,0,0,0,0,0,0
1590000.0,97.0,3.0,3.0,2.0,0,0,0,0,0,0,0,0,1,0,0,0,0,0,0,0
2250000.0,210.0,3.0,4.0,2.0,0,0,0,0,0,0,0,0,0,0,0,0,0,0,0,0
590000.0,42.0,1.0,1.0,1.0,0,0,0,0,0,0,0,0,0,0,0,0,0,0,0,0
334800.0,62.0,2.0,1.0,0.0,0,0,0,0,0,0,0,0,0,0,0,0,0,0,0,0
310000.0,30.0,1.0,1.0,0.0,1,0,0,0,0,0,0,0,0,0,0,0,0,0,0,0
1944000.0,242.0,3.0,4.0,2.0,0,0,0,0,0,0,1,0,0,0,0,0,0,0,0,0
2680000.0,345.0,4.0,1.0,2.0,0,0,0,0,0,0,0,0,0,0,0,0,0,0,0,0
1200000.0,120.0,3.0,2.0,2.0,0,0,0,0,0,0,0,0,0,0,0,0,0,0,0,1
2850000.0,177.0,3.0,3.0,0.0,1,0,0,0,0,0,0,0,0,0,0,0,0,0,0,0
635000.0,70.0,2.0,1.0,0.0,1,0,0,0,0,0,0,0,0,0,0,0,0,0,0,0
1150000.0,64.0,2.0,2.0,1.0,0,0,0,0,0,0,1,0,0,0,0,0,0,0,0,0
2200000.0,134.0,3.0,3.0,2.0,0,0,0,0,1,0,0,0,0,0,0,0,0,0,0,0
3325000.0,165.0,4.0,5.0,1.0,0,0,0,0,0,0,1,0,0,0,0,0,0,0,0,0
2250000.0,148.0,3.0,3.0,2.0,0,0,0,0,0,0,1,0,0,0,0,0,0,0,0,0
1600000.0,114.0,3.0,4.0,2.0,0,0,0,0,0,0,1,0,0,0,0,0,0,0,0,0
1050000.0,124.0,3.0,3.0,0.0,1,0,0,0,0,0,0,0,0,0,0,0,0,0,0,0
1880000.0,119.0,3.0,5.0,2.0,0,0,0,0,0,0,0,0,1,0,0,0,0,0,0,0
2490000.0,130.0,3.0,5.0,2.0,0,0,0,0,0,0,1,0,0,0,0,0,0,0,0,0
790000.0,72.0,2.0,2.0,1.0,0,0,0,0,0,0,0,0,0,0,0,0,0,0,0,0
1387100.0,86.0,2.0,3.0,2.0,0,0,0,0,0,0,1,0,0,0,0,0,0,0,0,0
2200000.0,156.0,2.0,4.0,6.0,0,0,0,0,0,0,1,0,0,0,0,0,0,0,0,0
1950000.0,96.0,2.0,2.0,2.0,1,0,0,0,0,0,0,0,0,0,0,0,0,0,0,0
1565000.0,108.0,3.0,3.0,1.0,0,0,0,0,0,0,0,0,0,0,0,0,0,1,0,0
295000.0,52.0,2.0,1.0,1.0,0,0,0,0,0,0,0,0,0,0,1,0,0,0,0,0
1099000.0,153.0,3.0,4.0,2.0,0,0,0,0,0,0,0,0,0,0,0,0,0,0,0,1
2830000.0,169.0,4.0,5.0,3.0,0,0,0,0,0,0,1,0,0,0,0,0,0,0,0,0
880000.0,47.0,1.0,1.0,1.0,1,0,0,0,0,0,0,0,0,0,0,0,0,0,0,0
345000.0,32.0,1.0,1.0,0.0,0,0,0,0,0,0,0,0,0,0,0,0,0,0,0,0
795000.0,53.0,1.0,2.0,2.0,1,0,0,0,0,0,0,0,0,0,0,0,0,0,0,0
1180000.0,74.0,2.0,3.0,2.0,0,0,0,0,0,0,1,0,0,0,0,0,0,0,0,0
2900000.0,172.0,4.0,6.0,3.0,0,0,0,0,0,0,1,0,0,0,0,0,0,0,0,0
1780000.0,243.0,4.0,4.0,0.0,1,0,0,0,0,0,0,0,0,0,0,0,0,0,0,0
589000.0,57.0,2.0,2.0,1.0,0,0,0,0,1,0,0,0,0,0,0,0,0,0,0,0
2761000.0,204.0,4.0,6.0,5.0,0,0,0,0,0,0,1,0,0,0,0,0,0,0,0,0
495000.0,34.0,1.0,1.0,1.0,0,0,0,0,0,0,1,0,0,0,0,0,0,0,0,0
1220000.0,80.0,2.0,3.0,1.0,0,0,0,0,0,0,0,0,0,0,0,0,0,1,0,0
1269999.0,107.0,3.0,3.0,1.0,1,0,0,0,0,0,0,0,0,0,0,0,0,0,0,0
269000.0,28.0,1.0,1.0,1.0,0,0,0,0,0,0,0,0,0,0,0,0,0,1,0,0
2190000.0,126.0,3.0,4.0,2.0,0,0,0,0,0,0,1,0,0,0,0,0,0,0,0,0
1680000.0,145.0,3.0,3.0,1.0,0,0,0,0,0,0,0,0,0,0,0,0,0,1,0,0
740000.0,78.0,3.0,1.0,0.0,0,0,0,0,0,0,0,0,0,0,0,0,0,0,0,0
749000.0,62.0,2.0,2.0,2.0,0,0,0,0,0,0,0,1,0,0,0,0,0,0,0,0
1193415.0,143.0,2.0,2.0,1.0,0,0,0,0,0,0,1,0,0,0,0,0,0,0,0,0
1880000.0,154.0,2.0,3.0,2.0,0,0,0,0,0,0,1,0,0,0,0,0,0,0,0,0
1290000.0,120.0,4.0,3.0,1.0,0,0,0,0,0,0,0,0,0,0,0,0,0,0,0,0
1150000.0,80.0,2.0,3.0,1.0,0,0,0,0,0,0,0,0,0,0,0,0,0,0,0,0
2800000.0,202.0,4.0,7.0,4.0,0,0,0,0,0,0,0,0,1,0,0,0,0,0,0,0
480000.0,48.0,2.0,1.0,0.0,1,0,0,0,0,0,0,0,0,0,0,0,0,0,0,0
530000.0,43.0,1.0,1.0,0.0,1,0,0,0,0,0,0,0,0,0,0,0,0,0,0,0
1680000.0,126.0,3.0,3.0,1.0,0,0,0,0,0,0,0,0,0,0,0,0,0,1,0,0
2500000.0,213.0,3.0,4.0,2.0,0,0,0,0,0,0,0,0,0,0,0,0,0,0,0,0
3190000.0,255.0,3.0,4.0,3.0,0,0,0,0,0,0,0,0,1,0,0,0,0,0,0,0
740000.0,78.0,3.0,2.0,0.0,0,0,0,0,0,0,0,0,0,0,0,0,0,0,0,0
760000.0,48.0,1.0,1.0,1.0,0,0,0,0,0,0,1,0,0,0,0,0,0,0,0,0
1280000.0,88.0,2.0,3.0,2.0,0,0,0,0,0,0,1,0,0,0,0,0,0,0,0,0
1600000.0,135.0,3.0,3.0,1.0,1,0,0,0,0,0,0,0,0,0,0,0,0,0,0,0
839000.0,84.0,2.0,2.0,1.0,0,0,0,0,1,0,0,0,0,0,0,0,0,0,0,0
990000.0,51.0,1.0,1.0,1.0,1,0,0,0,0,0,0,0,0,0,0,0,0,0,0,0
2150000.0,155.0,4.0,6.0,2.0,0,0,0,0,0,0,1,0,0,0,0,0,0,0,0,0
760000.0,49.0,1.0,1.0,1.0,1,0,0,0,0,0,0,0,0,0,0,0,0,0,0,0
760000.0,79.0,3.0,2.0,0.0,1,0,0,0,0,0,0,0,0,0,0,0,0,0,0,0
1280000.0,109.0,3.0,2.0,1.0,0,0,0,0,0,0,0,0,0,0,0,0,0,0,0,0
800000.0,60.0,2.0,2.0,0.0,1,0,0,0,0,0,0,0,0,0,0,0,0,0,0,0
1195000.0,64.0,2.0,2.0,1.0,0,0,0,0,0,0,1,0,0,0,0,0,0,0,0,0
250000.0,68.0,1.0,1.0,1.0,0,0,0,0,0,0,0,0,0,0,0,0,0,0,0,0
1330000.0,77.0,3.0,1.0,2.0,0,0,1,0,0,0,0,0,0,0,0,0,0,0,0,0
870000.0,56.0,2.0,1.0,1.0,0,0,0,0,0,0,1,0,0,0,0,0,0,0,0,0
420000.0,73.0,1.0,1.0,0.0,0,0,0,0,0,0,1,0,0,0,0,0,0,0,0,0
830000.0,60.0,1.0,2.0,1.0,0,0,0,0,0,0,0,0,1,0,0,0,0,0,0,0
360000.0,76.0,2.0,2.0,0.0,0,0,0,1,0,0,0,0,0,0,0,0,0,0,0,0
4283497.0,241.0,4.0,6.0,4.0,0,0,0,0,0,0,0,0,0,0,0,0,0,1,0,0
550000.0,67.0,2.0,1.0,0.0,1,0,0,0,0,0,0,0,0,0,0,0,0,0,0,0
270000.0,29.0,1.0,1.0,1.0,0,0,0,0,0,0,0,0,0,0,0,0,0,0,0,0
795000.0,68.0,2.0,2.0,0.0,0,0,0,0,0,0,0,0,0,0,0,0,0,0,0,0
460000.0,27.0,1.0,1.0,1.0,0,0,0,0,0,0,0,0,1,0,0,0,0,0,0,0
630000.0,55.0,2.0,2.0,0.0,0,1,0,0,0,0,0,0,0,0,0,0,0,0,0,0
480000.0,66.0,2.0,1.0,0.0,0,0,0,0,0,0,0,0,0,0,0,0,0,0,0,0
334800.0,63.0,2.0,1.0,0.0,0,0,0,0,0,0,0,0,0,0,0,0,0,0,0,0
930000.0,130.0,2.0,1.0,1.0,0,0,0,0,0,0,0,0,0,0,0,0,0,0,0,0
1170000.0,71.0,2.0,3.0,1.0,0,0,0,0,0,0,1,0,0,0,0,0,0,0,0,0
250000.0,64.0,1.0,1.0,0.0,0,0,0,0,0,0,0,0,0,0,0,0,0,1,0,0
315000.0,32.0,1.0,1.0,1.0,0,0,0,0,0,0,0,0,0,0,0,0,0,0,0,1
1640000.0,129.0,3.0,2.0,1.0,0,0,0,0,0,0,0,0,0,0,0,0,0,0,0,0
890000.0,117.0,2.0,2.0,1.0,0,0,0,0,0,0,0,1,0,0,0,0,0,0,0,0
724000.0,58.0,1.0,1.0,1.0,0,0,0,0,0,0,1,0,0,0,0,0,0,0,0,0
2690000.0,230.0,4.0,4.0,4.0,0,0,0,0,0,0,0,0,0,0,0,0,0,1,0,0
2067921.0,129.0,4.0,5.0,2.0,0,0,0,0,0,0,0,0,1,0,0,0,0,0,0,0
1015000.0,80.0,2.0,2.0,1.0,0,0,0,0,0,0,0,0,0,0,0,0,0,1,0,0
450000.0,50.0,1.0,1.0,0.0,0,0,0,0,0,0,0,0,0,0,0,0,0,0,0,0
2150000.0,140.0,2.0,3.0,3.0,0,0,0,0,0,0,0,0,0,0,0,0,0,0,0,0
1300000.0,148.0,2.0,2.0,2.0,0,0,0,0,0,0,1,0,0,0,0,0,0,0,0,0
1150000.0,68.0,2.0,3.0,2.0,0,0,0,0,0,0,1,0,0,0,0,0,0,0,0,0
795000.0,124.0,2.0,1.0,0.0,0,0,0,0,0,0,0,0,0,0,0,0,0,1,0,0
1228699.0,76.0,3.0,3.0,2.0,0,0,0,0,0,0,0,0,1,0,0,0,0,0,0,0
2149000.0,189.0,4.0,4.0,1.0,0,0,0,0,0,0,0,0,0,0,0,0,0,0,0,0
610000.0,78.0,2.0,1.0,0.0,1,0,0,0,0,0,0,0,0,0,0,0,0,0,0,0
720000.0,49.0,1.0,2.0,1.0,0,0,0,0,0,0,0,0,0,0,0,0,0,0,0,0
610000.0,61.0,2.0,2.0,1.0,0,0,0,0,0,0,0,0,0,0,0,0,0,0,0,1
325000.0,28.0,1.0,1.0,1.0,0,0,0,0,0,0,0,0,0,0,0,0,0,0,0,0
2150000.0,165.0,4.0,3.0,1.0,1,0,0,0,0,0,0,0,0,0,0,0,0,0,0,0
1313688.0,91.0,3.0,4.0,2.0,0,0,0,0,0,0,0,0,1,0,0,0,0,0,0,0
1350000.0,99.0,3.0,2.0,1.0,0,0,0,0,0,0,0,0,0,0,0,0,0,0,0,0
1200000.0,79.0,2.0,2.0,2.0,0,0,0,0,0,0,0,0,1,0,0,0,0,0,0,0
965000.0,103.0,3.0,3.0,2.0,0,0,0,0,0,0,0,0,0,0,0,0,0,0,0,1
680000.0,53.0,2.0,1.0,0.0,1,0,0,0,0,0,0,0,0,0,0,0,0,0,0,0
1390000.0,136.0,3.0,3.0,1.0,1,0,0,0,0,0,0,0,0,0,0,0,0,0,0,0
1400000.0,110.0,3.0,3.0,1.0,0,0,0,0,0,0,0,0,0,0,0,0,0,0,0,0
1390000.0,136.0,3.0,2.0,1.0,1,0,0,0,0,0,0,0,0,0,0,0,0,0,0,0
3724097.0,186.0,4.0,6.0,4.0,0,0,0,0,0,0,0,0,0,0,0,0,0,1,0,0
2850000.0,216.0,4.0,4.0,2.0,0,0,0,0,0,0,1,0,0,0,0,0,0,0,0,0
865000.0,78.0,3.0,2.0,0.0,0,0,0,0,0,0,0,0,0,0,0,0,0,0,0,0
4569180.0,301.0,4.0,6.0,4.0,0,0,0,0,0,0,1,0,0,0,0,0,0,0,0,0
2125153.0,126.0,3.0,5.0,2.0,0,0,0,0,0,0,0,0,0,0,0,0,0,1,0,0
590000.0,74.0,3.0,1.0,1.0,0,0,0,0,0,0,0,0,0,0,0,0,0,0,0,1
699000.0,76.0,1.0,2.0,1.0,0,0,0,0,0,0,0,0,0,0,0,0,0,0,0,1
240000.0,25.0,1.0,1.0,1.0,0,0,0,0,0,0,0,0,0,0,0,0,0,0,0,0
2520000.0,157.0,3.0,4.0,1.0,1,0,0,0,0,0,0,0,0,0,0,0,0,0,0,0
800000.0,72.0,2.0,2.0,0.0,1,0,0,0,0,0,0,0,0,0,0,0,0,0,0,0
1050000.0,96.0,3.0,2.0,0.0,0,0,0,0,0,0,0,0,0,0,0,0,0,0,0,0
724000.0,58.0,1.0,1.0,1.0,0,0,0,0,0,0,1,0,0,0,0,0,0,0,0,0
650000.0,46.0,1.0,1.0,1.0,0,0,0,0,0,0,1,0,0,0,0,0,0,0,0,0
280000.0,25.0,1.0,1.0,1.0,0,0,0,0,0,0,0,0,0,0,0,0,0,0,0,0
2490000.0,142.0,3.0,5.0,2.0,0,0,0,0,0,0,1,0,0,0,0,0,0,0,0,0
285000.0,25.0,1.0,1.0,1.0,0,0,0,0,0,0,0,0,0,0,0,0,0,0,0,0
370000.0,50.0,2.0,1.0,1.0,0,0,0,0,0,0,0,0,0,0,1,0,0,0,0,0
375000.0,73.0,1.0,1.0,1.0,0,0,0,0,0,0,0,0,0,0,0,0,0,0,0,1
290000.0,26.0,1.0,1.0,1.0,0,0,0,0,0,0,0,0,0,0,0,0,0,1,0,0
750000.0,63.0,2.0,2.0,1.0,0,0,0,0,1,0,0,0,0,0,0,0,0,0,0,0
3500000.0,280.0,4.0,4.0,1.0,0,0,0,0,0,0,0,0,0,0,0,0,0,0,0,0
360000.0,35.0,1.0,1.0,1.0,0,0,0,0,1,0,0,0,0,0,0,0,0,0,0,0
1370000.0,130.0,3.0,3.0,0.0,1,0,0,0,0,0,0,0,0,0,0,0,0,0,0,0
850000.0,82.0,2.0,2.0,1.0,0,0,0,0,0,0,0,0,0,0,0,0,0,1,0,0
350000.0,41.0,1.0,1.0,0.0,0,0,0,0,0,0,0,0,0,0,0,0,0,1,0,0
1085000.0,120.0,4.0,3.0,2.0,0,0,0,0,0,0,0,0,0,0,0,0,0,0,0,1
1149000.0,69.0,2.0,3.0,1.0,0,0,0,0,0,0,1,0,0,0,0,0,0,0,0,0
985000.0,120.0,2.0,2.0,0.0,1,0,0,0,0,0,0,0,0,0,0,0,0,0,0,0
340000.0,28.0,1.0,1.0,1.0,0,0,0,0,0,0,0,0,0,0,0,0,0,0,0,0
800000.0,74.0,2.0,2.0,1.0,0,0,0,0,0,0,0,0,0,0,0,0,0,0,0,0
550000.0,60.0,2.0,1.0,0.0,1,0,0,0,0,0,0,0,0,0,0,0,0,0,0,0
825000.0,110.0,2.0,2.0,1.0,0,0,0,0,0,0,0,0,0,0,0,0,0,0,0,0
380000.0,51.0,1.0,1.0,0.0,1,0,0,0,0,0,0,0,0,0,0,0,0,0,0,0
1065000.0,93.0,3.0,3.0,1.0,0,0,0,0,0,0,0,0,0,0,0,0,0,0,0,0
1800000.0,161.0,3.0,1.0,0.0,1,0,0,0,0,0,0,0,0,0,0,0,0,0,0,0
950000.0,76.0,2.0,1.0,1.0,0,0,0,0,0,0,0,0,0,0,0,0,0,0,0,0
650000.0,80.0,2.0,2.0,1.0,0,0,0,1,0,0,0,0,0,0,0,0,0,0,0,0
1250000.0,77.0,2.0,2.0,1.0,1,0,0,0,0,0,0,0,0,0,0,0,0,0,0,0
1299000.0,123.0,3.0,3.0,1.0,0,0,0,0,0,0,0,0,0,0,0,0,0,0,0,0
260000.0,27.0,1.0,1.0,1.0,0,0,0,0,0,0,0,0,0,0,0,0,0,0,0,0
925000.0,65.0,2.0,1.0,1.0,0,0,0,0,0,0,0,0,0,0,0,0,0,0,0,0
350000.0,37.0,1.0,1.0,1.0,0,0,0,0,0,0,0,0,0,0,0,0,0,1,0,0
1430000.0,160.0,3.0,4.0,0.0,1,0,0,0,0,0,0,0,0,0,0,0,0,0,0,0
1274000.0,125.0,3.0,3.0,0.0,0,0,0,0,0,0,0,0,0,0,0,0,0,0,0,0
650000.0,56.0,1.0,2.0,2.0,0,0,1,0,0,0,0,0,0,0,0,0,0,0,0,0
230000.0,39.0,2.0,1.0,0.0,0,0,0,0,0,0,0,0,0,0,0,0,0,0,0,0
895000.0,75.0,2.0,2.0,1.0,0,0,0,0,0,0,0,0,0,0,0,0,0,1,0,0
350000.0,42.0,1.0,1.0,0.0,0,0,0,0,0,0,0,0,0,0,0,0,0,1,0,0
2200000.0,224.0,2.0,2.0,2.0,0,0,0,0,0,0,0,0,0,0,0,0,0,1,0,0
2700000.0,341.0,4.0,5.0,2.0,0,0,0,0,0,0,0,0,0,0,0,0,0,1,0,0
3853000.0,200.0,4.0,6.0,4.0,0,0,0,0,0,0,0,0,0,0,0,0,0,1,0,0
1240000.0,92.0,3.0,2.0,1.0,0,0,0,0,0,0,0,0,0,0,0,0,0,1,0,0
2200000.0,163.0,3.0,4.0,1.0,1,0,0,0,0,0,0,0,0,0,0,0,0,0,0,0
1155000.0,76.0,2.0,3.0,2.0,0,0,0,0,0,0,1,0,0,0,0,0,0,0,0,0
1343889.0,79.0,2.0,2.0,3.0,0,0,0,0,0,0,1,0,0,0,0,0,0,0,0,0
1220000.0,77.0,2.0,3.0,2.0,0,0,0,0,0,0,1,0,0,0,0,0,0,0,0,0
340000.0,30.0,1.0,1.0,1.0,0,0,0,0,0,0,0,0,0,0,0,0,0,1,0,0
1365000.0,105.0,3.0,3.0,2.0,0,0,0,0,0,0,0,0,0,0,0,0,0,0,0,0
319000.0,32.0,1.0,1.0,0.0,0,0,0,0,0,0,0,0,0,0,0,0,0,1,0,0
215000.0,32.0,1.0,1.0,0.0,0,0,0,0,1,0,0,0,0,0,0,0,0,0,0,0
295000.0,28.0,1.0,1.0,0.0,0,0,0,0,0,0,0,0,0,0,0,0,0,1,0,0
759739.0,50.0,2.0,2.0,1.0,0,0,0,0,0,0,1,0,0,0,0,0,0,0,0,0
790000.0,89.0,3.0,2.0,2.0,0,0,0,0,0,0,0,0,0,0,0,0,0,0,0,1
249000.0,43.0,1.0,1.0,0.0,0,0,0,0,0,0,0,0,0,0,0,0,0,0,0,0
404702.0,26.0,1.0,1.0,1.0,0,0,0,0,0,0,0,0,1,0,0,0,0,0,0,0
895000.0,64.0,2.0,1.0,0.0,0,0,0,0,0,0,0,1,0,0,0,0,0,0,0,0
435000.0,31.0,1.0,1.0,1.0,0,0,0,0,0,0,0,0,0,0,0,0,0,1,0,0
3200000.0,290.0,3.0,5.0,2.0,0,0,0,0,0,0,0,0,0,0,0,0,0,1,0,0
3555000.0,210.0,4.0,6.0,3.0,0,0,0,0,0,0,1,0,0,0,0,0,0,0,0,0
860350.0,61.0,2.0,2.0,1.0,0,0,0,0,0,0,1,0,0,0,0,0,0,0,0,0
1150000.0,169.0,3.0,3.0,1.0,1,0,0,0,0,0,0,0,0,0,0,0,0,0,0,0
1850000.0,133.0,4.0,2.0,1.0,0,0,0,0,0,0,0,0,0,0,0,0,0,0,0,0
1850000.0,130.0,3.0,3.0,2.0,0,0,0,0,0,0,0,0,0,0,0,0,0,0,0,0
1942900.0,125.0,3.0,5.0,2.0,0,0,0,0,0,0,1,0,0,0,0,0,0,0,0,0
350000.0,55.0,1.0,1.0,1.0,0,0,0,0,0,0,0,0,0,0,0,1,0,0,0,0
3614830.0,246.0,4.0,6.0,4.0,0,0,0,0,0,0,1,0,0,0,0,0,0,0,0,0
1460000.0,84.0,2.0,3.0,2.0,0,0,0,0,0,0,1,0,0,0,0,0,0,0,0,0
1150000.0,73.0,2.0,2.0,2.0,0,0,0,0,0,0,1,0,0,0,0,0,0,0,0,0
2350000.0,157.0,4.0,5.0,3.0,0,0,0,0,0,0,0,0,1,0,0,0,0,0,0,0
2270000.0,130.0,3.0,5.0,2.0,0,0,0,0,0,0,1,0,0,0,0,0,0,0,0,0
1390000.0,83.0,2.0,3.0,2.0,0,0,0,0,0,0,1,0,0,0,0,0,0,0,0,0
1290000.0,120.0,3.0,3.0,1.0,0,0,0,0,0,0,0,0,0,0,0,0,0,0,0,0
3066593.0,408.0,4.0,6.0,4.0,0,0,0,0,0,0,1,0,0,0,0,0,0,0,0,0
3102975.0,200.0,4.0,4.0,4.0,0,0,0,0,0,0,1,0,0,0,0,0,0,0,0,0
1290000.0,120.0,3.0,3.0,1.0,0,0,0,0,0,0,0,0,0,0,0,0,0,0,0,0
2090000.0,155.0,4.0,6.0,2.0,0,0,0,0,0,0,1,0,0,0,0,0,0,0,0,0
1580000.0,117.0,4.0,3.0,1.0,0,0,0,0,0,0,0,0,0,0,0,0,0,0,0,0
435000.0,31.0,1.0,1.0,1.0,0,0,0,0,0,0,0,0,0,0,0,0,0,1,0,0
600000.0,83.0,3.0,1.0,1.0,0,0,0,0,0,0,0,0,0,0,0,0,0,0,0,1
754000.0,51.0,2.0,2.0,1.0,0,0,0,0,0,0,1,0,0,0,0,0,0,0,0,0
580000.0,42.0,1.0,1.0,1.0,0,0,0,0,0,0,0,0,0,1,0,0,0,0,0,0
1265000.0,77.0,2.0,2.0,2.0,0,0,0,0,0,0,1,0,0,0,0,0,0,0,0,0
2800000.0,298.0,4.0,4.0,2.0,1,0,0,0,0,0,0,0,0,0,0,0,0,0,0,0
1240000.0,92.0,3.0,2.0,1.0,0,0,0,0,0,0,0,0,0,0,0,0,0,1,0,0
800000.0,53.0,2.0,1.0,0.0,0,0,0,0,0,0,0,0,0,0,0,0,0,0,0,0
230000.0,26.0,1.0,1.0,0.0,1,0,0,0,0,0,0,0,0,0,0,0,0,0,0,0
1065000.0,93.0,3.0,1.0,1.0,0,0,0,0,0,0,0,0,0,0,0,0,0,0,0,0
1090000.0,81.0,2.0,2.0,1.0,0,0,0,0,0,0,0,0,0,0,0,0,0,1,0,0
2635400.0,184.0,4.0,6.0,4.0,0,0,0,0,0,0,1,0,0,0,0,0,0,0,0,0
1670000.0,177.0,4.0,4.0,1.0,1,0,0,0,0,0,0,0,0,0,0,0,0,0,0,0
2350000.0,264.0,4.0,4.0,0.0,1,0,0,0,0,0,0,0,0,0,0,0,0,0,0,0
493608.0,34.0,1.0,1.0,1.0,0,0,0,0,0,0,1,0,0,0,0,0,0,0,0,0
560000.0,60.0,2.0,2.0,0.0,0,0,0,0,0,0,0,0,0,0,0,0,0,0,0,0
761900.0,54.0,2.0,2.0,1.0,0,0,0,0,0,0,1,0,0,0,0,0,0,0,0,0
1400000.0,158.0,3.0,2.0,1.0,1,0,0,0,0,0,0,0,0,0,0,0,0,0,0,0
950000.0,240.0,3.0,2.0,2.0,0,0,0,0,0,0,1,0,0,0,0,0,0,0,0,0
780000.0,105.0,3.0,1.0,0.0,0,0,0,0,0,0,0,0,0,0,0,0,0,0,0,0
1200000.0,104.0,2.0,3.0,1.0,0,0,0,0,0,0,0,0,0,0,0,0,0,0,0,0
1260000.0,120.0,3.0,3.0,0.0,1,0,0,0,0,0,0,0,0,0,0,0,0,0,0,0
289000.0,40.0,1.0,1.0,1.0,0,0,0,0,0,0,0,0,0,0,0,0,0,1,0,0
2750000.0,157.0,4.0,6.0,3.0,0,0,0,0,0,0,0,0,1,0,0,0,0,0,0,0
1070000.0,58.0,1.0,1.0,1.0,1,0,0,0,0,0,0,0,0,0,0,0,0,0,0,0
890000.0,70.0,2.0,2.0,1.0,0,0,0,0,0,0,0,1,0,0,0,0,0,0,0,0
3600000.0,323.0,4.0,6.0,3.0,0,0,0,0,0,0,1,0,0,0,0,0,0,0,0,0
900000.0,68.0,2.0,2.0,1.0,0,0,0,0,0,0,0,1,0,0,0,0,0,0,0,0
1184000.0,102.0,1.0,2.0,2.0,0,0,0,0,0,0,0,0,1,0,0,0,0,0,0,0
1720000.0,127.0,3.0,3.0,2.0,0,0,0,0,0,0,1,0,0,0,0,0,0,0,0,0
1690000.0,130.0,3.0,3.0,0.0,0,0,0,0,0,0,0,0,0,0,0,0,0,0,0,0
1780000.0,111.0,3.0,3.0,2.0,0,0,0,0,0,0,0,0,0,0,0,0,0,1,0,0
3490000.0,195.0,5.0,5.0,4.0,0,0,0,0,0,0,1,0,0,0,0,0,0,0,0,0
495000.0,26.0,1.0,1.0,1.0,1,0,0,0,0,0,0,0,0,0,0,0,0,0,0,0
2350000.0,284.0,4.0,6.0,3.0,0,0,0,0,0,0,0,0,1,0,0,0,0,0,0,0
750000.0,80.0,2.0,2.0,1.0,0,0,0,0,1,0,0,0,0,0,0,0,0,0,0,0
350000.0,41.0,1.0,1.0,0.0,0,0,0,0,0,0,0,0,0,0,0,0,0,1,0,0
599000.0,67.0,3.0,2.0,0.0,0,1,0,0,0,0,0,0,0,0,0,0,0,0,0,0
2230000.0,145.0,3.0,5.0,2.0,0,0,0,0,0,0,1,0,0,0,0,0,0,0,0,0
1740000.0,178.0,4.0,6.0,3.0,0,0,0,0,0,0,0,0,0,0,0,0,0,0,0,1
310000.0,27.0,1.0,1.0,1.0,0,0,0,0,0,0,0,0,0,0,0,0,0,1,0,0
500000.0,47.0,2.0,1.0,0.0,0,1,0,0,0,0,0,0,0,0,0,0,0,0,0,0
370000.0,40.0,1.0,2.0,1.0,0,0,0,0,0,0,0,0,0,0,0,0,0,0,0,1
659000.0,78.0,3.0,2.0,1.0,0,0,0,0,0,0,0,0,0,0,0,0,0,0,0,1
480000.0,28.0,1.0,1.0,1.0,0,0,0,0,0,0,0,0,1,0,0,0,0,0,0,0
570000.0,69.0,2.0,2.0,1.0,0,0,0,0,0,0,0,0,0,0,0,0,0,0,0,1
574038.0,37.0,1.0,1.0,1.0,0,0,0,0,0,0,0,0,0,0,0,0,0,0,0,0
3400000.0,214.0,4.0,6.0,4.0,0,0,0,0,0,0,1,0,0,0,0,0,0,0,0,0
830000.0,90.0,3.0,2.0,0.0,1,0,0,0,0,0,0,0,0,0,0,0,0,0,0,0
265000.0,48.0,2.0,1.0,1.0,0,0,0,0,0,0,0,0,0,0,1,0,0,0,0,0
715000.0,82.0,3.0,2.0,1.0,0,0,0,0,0,0,0,0,0,0,0,0,0,0,0,1
1250000.0,77.0,2.0,2.0,1.0,1,0,0,0,0,0,0,0,0,0,0,0,0,0,0,0
310000.0,34.0,1.0,1.0,1.0,0,0,0,0,0,0,0,0,0,0,0,0,0,0,0,1
319000.0,47.0,1.0,1.0,0.0,0,0,0,0,0,0,0,0,0,0,0,0,0,0,0,0
310000.0,40.0,1.0,1.0,0.0,0,0,0,0,0,0,0,0,0,0,0,0,0,1,0,0
2630000.0,165.0,4.0,6.0,3.0,0,0,0,0,0,0,1,0,0,0,0,0,0,0,0,0
1400000.0,170.0,3.0,2.0,0.0,1,0,0,0,0,0,0,0,0,0,0,0,0,0,0,0
470000.0,50.0,2.0,1.0,1.0,0,0,0,0,0,0,0,0,0,0,0,0,0,0,0,1
1250000.0,84.0,2.0,3.0,2.0,0,0,0,0,0,0,1,0,0,0,0,0,0,0,0,0
320000.0,42.0,1.0,1.0,0.0,0,0,0,0,0,0,0,0,0,0,0,0,0,1,0,0
540000.0,37.0,1.0,1.0,0.0,0,0,0,0,0,0,0,0,0,0,0,1,0,0,0,0
2178709.0,129.0,4.0,5.0,2.0,0,0,0,0,0,0,0,0,1,0,0,0,0,0,0,0
380000.0,35.0,1.0,1.0,1.0,0,0,0,0,0,0,0,0,0,0,0,0,0,1,0,0
680000.0,64.0,2.0,1.0,0.0,1,0,0,0,0,0,0,0,0,0,0,0,0,0,0,0
1350000.0,138.0,3.0,2.0,1.0,0,0,0,0,0,0,0,0,0,0,0,0,0,0,0,0
375000.0,38.0,1.0,1.0,1.0,0,0,0,1,0,0,0,0,0,0,0,0,0,0,0,0
323000.0,28.0,1.0,1.0,1.0,0,0,0,0,0,0,0,0,0,0,0,0,0,0,0,0
580000.0,53.0,2.0,1.0,0.0,1,0,0,0,0,0,0,0,0,0,0,0,0,0,0,0
350000.0,35.0,1.0,1.0,1.0,0,0,0,0,0,0,0,0,0,0,0,0,0,0,0,1
3891849.0,186.0,3.0,6.0,3.0,0,0,0,0,0,0,0,0,0,0,0,0,0,1,0,0
280000.0,55.0,1.0,1.0,1.0,0,0,0,0,0,0,0,0,0,0,0,0,0,1,0,0
805000.0,131.0,3.0,2.0,2.0,0,0,0,0,0,0,0,0,0,0,0,0,1,0,0,0
390000.0,27.0,1.0,1.0,1.0,0,0,0,0,0,0,0,0,0,0,0,0,0,1,0,0
330000.0,33.0,1.0,1.0,1.0,0,0,0,0,0,0,0,0,0,0,0,0,0,0,0,0
1300000.0,78.0,2.0,2.0,2.0,0,0,0,0,0,0,1,0,0,0,0,0,0,0,0,0
1390000.0,136.0,3.0,3.0,1.0,1,0,0,0,0,0,0,0,0,0,0,0,0,0,0,0
290000.0,48.0,2.0,1.0,1.0,0,0,0,0,0,0,0,0,0,0,1,0,0,0,0,0
752000.0,102.0,2.0,1.0,1.0,0,0,0,0,0,0,0,0,0,0,0,0,0,1,0,0
590000.0,75.0,3.0,2.0,1.0,0,0,0,0,0,0,0,0,0,0,0,0,0,0,0,1
960000.0,135.0,3.0,2.0,2.0,0,0,0,0,0,0,0,0,0,0,0,0,0,0,0,1
220000.0,20.0,1.0,1.0,0.0,0,0,0,0,0,0,0,0,0,0,0,0,0,0,0,0
330000.0,26.0,1.0,1.0,0.0,0,0,0,0,0,0,0,0,0,0,0,0,0,1,0,0
499900.0,66.0,2.0,1.0,0.0,0,0,0,0,0,0,0,0,0,0,0,0,0,0,0,0
850000.0,108.0,4.0,4.0,2.0,0,0,0,0,0,0,0,0,0,0,0,0,0,0,0,1
1250000.0,63.0,2.0,2.0,1.0,1,0,0,0,0,0,0,0,0,0,0,0,0,0,0,0
1149000.0,161.0,3.0,3.0,0.0,1,0,0,0,0,0,0,0,0,0,0,0,0,0,0,0
860000.0,100.0,3.0,3.0,1.0,0,0,0,1,0,0,0,0,0,0,0,0,0,0,0,0
680000.0,55.0,2.0,2.0,0.0,0,0,0,0,0,0,0,0,0,0,0,0,0,0,0,0
780000.0,140.0,3.0,2.0,1.0,0,0,0,0,0,0,0,0,0,0,0,0,0,0,0,1
600000.0,82.0,3.0,2.0,1.0,0,0,0,0,0,0,0,0,0,0,0,0,0,0,0,1
950000.0,95.0,3.0,2.0,0.0,1,0,0,0,0,0,0,0,0,0,0,0,0,0,0,0
250000.0,48.0,2.0,1.0,1.0,0,0,0,0,0,0,0,0,0,0,1,0,0,0,0,0
610000.0,54.0,1.0,1.0,1.0,0,0,0,0,0,0,0,0,1,0,0,0,0,0,0,0
1370000.0,114.0,3.0,3.0,2.0,0,0,0,1,0,0,0,0,0,0,0,0,0,0,0,0
1190000.0,110.0,3.0,3.0,2.0,0,0,0,0,0,0,0,0,0,0,0,0,0,0,0,1
550000.0,91.0,2.0,2.0,1.0,0,0,0,0,0,0,0,0,0,0,0,0,0,0,0,1
350000.0,31.0,1.0,1.0,1.0,0,0,0,0,0,0,0,0,0,0,0,0,0,1,0,0
300000.0,41.0,1.0,1.0,0.0,0,0,0,0,0,0,0,0,0,0,0,0,0,1,0,0
1030000.0,100.0,2.0,2.0,0.0,1,0,0,0,0,0,0,0,0,0,0,0,0,0,0,0
435000.0,30.0,1.0,1.0,1.0,0,0,0,0,1,0,0,0,0,0,0,0,0,0,0,0
1600000.0,215.0,4.0,4.0,2.0,0,0,0,0,0,0,0,0,0,0,0,0,0,0,0,1
600000.0,62.0,2.0,2.0,0.0,1,0,0,0,0,0,0,0,0,0,0,0,0,0,0,0
299000.0,25.0,1.0,1.0,1.0,0,0,0,0,0,0,0,0,0,0,0,0,0,0,0,0
800000.0,119.0,3.0,2.0,0.0,0,0,0,0,0,0,0,0,0,0,0,0,0,0,0,0
456000.0,65.0,2.0,1.0,1.0,0,0,0,0,0,0,0,0,0,0,0,0,0,0,0,1
4680000.0,253.0,4.0,6.0,4.0,0,0,0,0,0,0,0,0,0,0,0,0,0,1,0,0
1350000.0,73.0,2.0,2.0,2.0,0,0,0,0,0,0,0,0,1,0,0,0,0,0,0,0
368998.0,72.0,1.0,1.0,1.0,0,0,0,0,1,0,0,0,0,0,0,0,0,0,0,0
1800000.0,130.0,3.0,3.0,1.0,0,0,0,0,0,0,0,0,0,0,0,0,0,0,0,0
480000.0,65.0,2.0,2.0,0.0,1,0,0,0,0,0,0,0,0,0,0,0,0,0,0,0
2700000.0,209.0,4.0,3.0,2.0,0,0,0,0,0,0,0,0,0,0,0,0,0,0,0,0
2280000.0,154.0,4.0,4.0,2.0,0,0,0,0,0,0,0,0,0,0,0,0,0,0,0,0
595000.0,76.0,2.0,2.0,0.0,0,0,0,0,0,0,0,0,0,0,0,0,0,0,0,0
269999.0,60.0,1.0,1.0,0.0,0,0,0,0,0,0,0,0,0,0,1,0,0,0,0,0
850000.0,117.0,2.0,2.0,0.0,1,0,0,0,0,0,0,0,0,0,0,0,0,0,0,0
829000.0,96.0,3.0,3.0,1.0,0,0,0,0,0,0,0,0,0,0,0,0,0,0,0,1
1680000.0,171.0,4.0,2.0,1.0,0,0,0,0,0,0,0,0,0,0,0,0,0,0,0,0
3136183.0,205.0,4.0,7.0,4.0,0,0,0,0,0,0,0,0,0,0,0,0,0,1,0,0
365000.0,42.0,1.0,1.0,1.0,0,0,0,1,0,0,0,0,0,0,0,0,0,0,0,0
1050000.0,76.0,3.0,2.0,2.0,0,0,0,0,0,0,0,0,1,0,0,0,0,0,0,0
410000.0,79.0,2.0,1.0,1.0,0,0,0,0,1,0,0,0,0,0,0,0,0,0,0,0
1593000.0,180.0,4.0,4.0,3.0,0,0,0,0,0,0,0,0,0,0,0,0,0,0,0,1
259100.0,45.0,1.0,1.0,1.0,0,0,0,0,1,0,0,0,0,0,0,0,0,0,0,0
529000.0,108.0,2.0,2.0,1.0,0,0,0,0,0,0,0,0,0,0,0,0,0,0,0,1
1650000.0,125.0,3.0,3.0,0.0,0,0,0,0,0,0,0,0,0,0,0,0,0,0,0,0
850000.0,100.0,4.0,2.0,2.0,0,0,0,0,0,0,0,0,0,0,0,0,0,0,0,1
984000.0,81.0,3.0,2.0,0.0,1,0,0,0,0,0,0,0,0,0,0,0,0,0,0,0
359000.0,39.0,1.0,1.0,0.0,1,0,0,0,0,0,0,0,0,0,0,0,0,0,0,0
3900000.0,239.0,4.0,4.0,3.0,0,0,0,0,0,0,0,0,0,0,0,0,0,0,0,0
610000.0,56.0,1.0,1.0,1.0,0,0,0,0,0,0,0,0,0,0,0,0,0,1,0,0
1250000.0,100.0,3.0,3.0,1.0,1,0,0,0,0,0,0,0,0,0,0,0,0,0,0,0
650000.0,78.0,3.0,2.0,1.0,0,0,0,0,0,0,0,0,0,0,0,0,0,0,0,1
2879000.0,358.0,4.0,5.0,2.0,1,0,0,0,0,0,0,0,0,0,0,0,0,0,0,0
1490000.0,110.0,2.0,2.0,2.0,0,0,0,0,0,0,0,0,0,0,0,0,0,1,0,0
280000.0,50.0,2.0,1.0,1.0,0,0,0,0,0,0,0,0,0,0,1,0,0,0,0,0
315000.0,25.0,1.0,1.0,1.0,0,0,0,0,0,0,0,0,0,0,0,0,0,1,0,0
415000.0,54.0,1.0,1.0,1.0,0,0,0,0,1,0,0,0,0,0,0,0,0,0,0,0
350000.0,29.0,1.0,1.0,1.0,0,0,0,0,0,0,0,0,0,0,0,0,0,0,0,0
215000.0,24.0,1.0,1.0,0.0,0,0,0,0,0,0,0,0,0,0,0,0,0,0,0,0
449000.0,58.0,2.0,1.0,2.0,0,0,0,0,0,0,0,0,0,0,0,0,0,0,0,1
1200000.0,86.0,2.0,2.0,1.0,1,0,0,0,0,0,0,0,0,0,0,0,0,0,0,0
450000.0,43.0,1.0,1.0,1.0,0,0,0,0,0,0,0,0,0,0,0,0,0,0,0,1
1250000.0,77.0,2.0,2.0,1.0,1,0,0,0,0,0,0,0,0,0,0,0,0,0,0,0
1575000.0,110.0,3.0,3.0,2.0,0,0,0,0,0,0,0,0,0,0,0,0,0,0,0,0
760000.0,72.0,2.0,2.0,1.0,0,0,0,0,0,0,0,1,0,0,0,0,0,0,0,0
629000.0,69.0,3.0,2.0,0.0,1,0,0,0,0,0,0,0,0,0,0,0,0,0,0,0
400000.0,28.0,1.0,1.0,1.0,0,0,0,0,0,0,0,0,0,0,0,0,0,0,0,0
300000.0,48.0,2.0,1.0,1.0,0,0,0,0,0,0,0,0,0,0,1,0,0,0,0,0
1900000.0,189.0,4.0,6.0,3.0,0,0,0,0,0,0,0,0,0,0,0,0,0,0,0,1
900000.0,74.0,2.0,3.0,1.0,0,0,0,0,0,0,0,0,0,0,0,0,0,0,0,0
790000.0,60.0,2.0,2.0,0.0,0,0,0,0,0,0,0,0,0,0,0,0,0,0,0,0
990000.0,95.0,2.0,2.0,0.0,0,0,0,0,0,0,0,0,0,0,0,0,0,0,0,0
1127000.0,153.0,4.0,1.0,2.0,0,0,0,0,0,0,0,0,0,0,0,0,0,0,0,1
650000.0,66.0,2.0,2.0,1.0,0,0,0,0,0,0,0,0,0,0,0,0,0,0,0,1
700000.0,97.0,3.0,2.0,1.0,0,0,0,0,0,0,0,0,0,0,0,0,0,0,0,1
510000.0,36.0,1.0,1.0,1.0,0,0,0,0,0,0,0,0,0,0,0,0,0,0,0,0
530000.0,57.0,2.0,2.0,1.0,0,0,0,0,0,0,0,0,0,0,0,0,0,0,0,1
580000.0,97.0,3.0,3.0,1.0,0,0,0,0,0,0,0,0,0,0,0,0,0,0,0,1
750000.0,119.0,3.0,2.0,1.0,0,0,0,0,0,0,0,0,0,0,0,0,0,0,0,0
1499000.0,155.0,4.0,3.0,2.0,0,0,0,0,0,0,0,0,0,0,0,0,0,0,0,1
285000.0,30.0,1.0,1.0,1.0,0,0,0,0,0,0,0,0,0,0,0,0,0,0,0,0
530000.0,70.0,2.0,2.0,2.0,0,0,0,0,0,0,0,0,0,0,0,0,0,0,0,1
325000.0,25.0,1.0,1.0,1.0,0,0,0,0,0,0,0,0,0,0,0,0,0,1,0,0
327000.0,27.0,1.0,1.0,1.0,0,0,0,0,0,0,0,0,0,0,0,0,0,0,0,0
1090000.0,99.0,3.0,2.0,1.0,0,0,0,0,0,0,0,0,0,0,0,0,0,0,0,0
279000.0,23.0,1.0,1.0,1.0,0,0,0,0,0,0,0,0,0,0,0,0,0,1,0,0
652000.0,107.0,1.0,1.0,1.0,0,0,0,0,0,0,0,0,1,0,0,0,0,0,0,0
650000.0,61.0,2.0,1.0,1.0,0,0,0,0,0,0,0,0,0,0,0,0,0,0,0,1
319000.0,48.0,1.0,1.0,0.0,0,0,0,0,0,0,0,0,0,0,0,0,0,0,0,0
310000.0,30.0,1.0,1.0,0.0,1,0,0,0,0,0,0,0,0,0,0,0,0,0,0,0
575000.0,52.0,2.0,2.0,1.0,0,0,0,0,0,0,0,0,0,0,0,0,0,0,0,0
260000.0,27.0,1.0,1.0,1.0,0,0,0,0,0,0,0,0,0,0,0,0,0,0,0,0
1590000.0,189.0,4.0,5.0,3.0,0,0,0,0,0,0,0,0,0,0,0,0,0,0,0,1
750000.0,97.0,2.0,2.0,1.0,0,0,0,0,0,0,0,0,0,0,0,0,0,1,0,0
500000.0,43.0,1.0,1.0,0.0,0,0,0,0,0,0,0,0,0,0,0,0,0,0,0,0
1600000.0,184.0,4.0,6.0,2.0,0,0,0,0,0,0,0,0,0,0,0,0,0,0,0,1
2100000.0,145.0,4.0,4.0,2.0,0,0,0,0,0,0,0,0,0,0,0,0,0,1,0,0
465000.0,75.0,1.0,1.0,1.0,0,0,0,0,0,0,0,0,0,0,0,0,0,0,0,1
400000.0,28.0,1.0,1.0,1.0,0,0,0,0,0,0,0,0,0,0,0,0,0,0,0,0
265000.0,50.0,1.0,1.0,0.0,0,0,0,0,0,0,0,0,0,0,0,0,0,0,0,0
280000.0,27.0,1.0,1.0,0.0,0,0,0,0,0,0,0,0,0,0,0,0,0,0,0,0
470000.0,57.0,1.0,1.0,1.0,0,0,0,0,1,0,0,0,0,0,0,0,0,0,0,0
650000.0,69.0,2.0,3.0,1.0,0,0,0,0,0,0,0,0,0,0,0,0,0,0,0,1
2780000.0,205.0,3.0,4.0,2.0,0,0,0,0,0,0,0,0,0,0,0,0,0,0,0,0
465000.0,52.0,2.0,1.0,1.0,0,0,0,1,0,0,0,0,0,0,0,0,0,0,0,0
570000.0,76.0,3.0,1.0,1.0,0,0,0,0,0,0,0,0,0,0,0,0,0,0,0,1
315000.0,28.0,1.0,1.0,1.0,0,0,0,0,0,0,0,0,0,0,0,0,0,1,0,0
3800000.0,211.0,3.0,5.0,3.0,0,0,0,0,0,0,1,0,0,0,0,0,0,0,0,0
338000.0,44.0,2.0,1.0,0.0,0,0,0,0,0,0,0,0,0,0,0,0,0,0,0,0
840000.0,100.0,3.0,3.0,2.0,0,0,0,1,0,0,0,0,0,0,0,0,0,0,0,0
390000.0,37.0,1.0,1.0,1.0,0,0,0,0,0,0,0,0,0,0,0,0,0,0,0,0
1580000.0,105.0,3.0,1.0,3.0,0,0,0,0,0,0,0,0,0,0,0,0,0,0,0,0
520000.0,58.0,1.0,1.0,1.0,0,0,0,0,0,0,0,0,0,0,0,0,0,0,0,1
250000.0,26.0,1.0,1.0,0.0,0,0,0,0,1,0,0,0,0,0,0,0,0,0,0,0
860000.0,102.0,3.0,3.0,2.0,0,0,0,0,0,0,0,0,0,0,0,0,0,0,0,1
350000.0,45.0,1.0,1.0,0.0,0,0,0,0,0,0,0,0,0,0,0,0,0,0,0,0
320000.0,46.0,2.0,1.0,1.0,0,0,0,0,0,0,0,0,0,0,1,0,0,0,0,0
1300000.0,112.0,3.0,2.0,1.0,0,0,0,0,0,0,0,0,0,0,0,0,0,0,0,0
749000.0,62.0,2.0,1.0,0.0,0,0,0,0,0,0,0,0,0,0,0,0,0,1,0,0
450000.0,57.0,2.0,1.0,0.0,0,0,0,0,0,0,0,0,0,0,0,0,0,0,0,0
580000.0,109.0,2.0,2.0,1.0,0,0,0,0,0,0,0,0,0,0,0,0,0,0,0,1
330000.0,25.0,1.0,1.0,1.0,0,0,0,0,0,0,0,0,0,0,0,0,0,0,0,0
270000.0,48.0,2.0,1.0,1.0,0,0,0,0,0,0,0,0,0,0,1,0,0,0,0,0
790000.0,63.0,2.0,1.0,1.0,0,0,1,0,0,0,0,0,0,0,0,0,0,0,0,0
875000.0,93.0,3.0,3.0,2.0,0,0,0,0,0,0,0,0,0,0,0,0,0,0,0,1
2350000.0,280.0,4.0,1.0,3.0,1,0,0,0,0,0,0,0,0,0,0,0,0,0,0,0
1050000.0,83.0,2.0,2.0,2.0,0,0,0,0,0,0,0,0,0,0,0,0,0,0,0,1
780000.0,98.0,2.0,2.0,1.0,0,0,0,0,0,0,0,0,0,0,0,0,0,0,0,1
500000.0,64.0,2.0,2.0,1.0,0,0,0,0,0,0,0,0,0,0,0,0,0,0,0,1
1065000.0,100.0,3.0,3.0,1.0,0,0,0,0,0,0,0,0,0,0,0,0,0,0,0,0
850000.0,85.0,3.0,1.0,0.0,1,0,0,0,0,0,0,0,0,0,0,0,0,0,0,0
310000.0,67.0,2.0,2.0,1.0,0,0,0,0,0,0,0,0,0,0,0,0,0,0,1,0
1095000.0,72.0,2.0,3.0,1.0,0,0,0,0,0,0,0,0,0,0,0,0,0,0,0,0
350000.0,37.0,1.0,1.0,0.0,0,0,0,0,0,0,0,0,0,0,0,0,0,0,0,0
700000.0,120.0,4.0,2.0,0.0,0,0,0,0,0,0,0,0,0,0,0,0,0,0,0,0
1560000.0,100.0,3.0,4.0,1.0,0,0,0,0,0,0,1,0,0,0,0,0,0,0,0,0
600000.0,60.0,2.0,2.0,1.0,0,0,0,0,0,0,0,0,0,0,0,0,0,0,0,1
420000.0,44.0,1.0,1.0,1.0,0,0,0,0,0,0,0,0,0,0,0,0,0,0,0,1
1280000.0,125.0,3.0,3.0,0.0,0,0,0,0,0,0,0,0,0,0,0,0,0,0,0,0
1250000.0,85.0,2.0,3.0,2.0,0,0,0,0,0,0,1,0,0,0,0,0,0,0,0,0
550000.0,77.0,1.0,1.0,1.0,0,0,0,0,0,0,1,0,0,0,0,0,0,0,0,0
494999.0,68.0,2.0,1.0,1.0,0,0,0,0,0,0,0,0,0,0,0,0,0,0,0,1
250000.0,27.0,1.0,1.0,1.0,0,0,0,0,0,0,0,0,1,0,0,0,0,0,0,0
2945434.0,263.0,4.0,6.0,4.0,0,0,0,0,0,0,1,0,0,0,0,0,0,0,0,0
480000.0,26.0,1.0,1.0,2.0,0,0,0,0,0,0,0,0,0,0,0,0,0,0,0,0
445000.0,52.0,2.0,1.0,1.0,0,0,0,0,0,0,0,0,0,0,0,0,0,0,0,1
1974000.0,129.0,4.0,5.0,2.0,0,0,0,0,0,0,0,0,1,0,0,0,0,0,0,0
1690000.0,125.0,3.0,3.0,0.0,0,0,0,0,0,0,0,0,0,0,0,0,0,0,0,0
680000.0,64.0,2.0,1.0,0.0,1,0,0,0,0,0,0,0,0,0,0,0,0,0,0,0
776000.0,80.0,2.0,2.0,1.0,0,0,0,0,0,0,1,0,0,0,0,0,0,0,0,0
507000.0,66.0,2.0,2.0,0.0,1,0,0,0,0,0,0,0,0,0,0,0,0,0,0,0
3150000.0,202.0,4.0,4.0,2.0,0,0,0,0,0,0,0,0,0,0,0,0,0,0,0,0
660000.0,70.0,2.0,2.0,2.0,0,0,0,0,1,0,0,0,0,0,0,0,0,0,0,0
299000.0,25.0,1.0,1.0,1.0,0,0,0,0,0,0,0,0,0,0,0,0,0,0,0,0
1170000.0,99.0,2.0,2.0,1.0,0,0,0,0,0,0,1,0,0,0,0,0,0,0,0,0
640000.0,45.0,1.0,1.0,0.0,0,0,0,0,0,0,0,0,0,0,0,0,0,0,0,0
550000.0,68.0,2.0,2.0,1.0,0,0,0,0,0,0,0,0,0,0,0,0,0,0,0,1
1892000.0,129.0,3.0,3.0,2.0,0,0,0,0,0,0,0,0,1,0,0,0,0,0,0,0
1830000.0,137.0,3.0,3.0,1.0,0,0,0,0,0,0,0,0,0,0,0,0,0,0,0,0
900000.0,99.0,2.0,2.0,2.0,0,0,0,0,0,0,0,0,1,0,0,0,0,0,0,0
1090000.0,70.0,2.0,3.0,2.0,0,0,0,0,0,0,1,0,0,0,0,0,0,0,0,0
380000.0,40.0,1.0,1.0,0.0,1,0,0,0,0,0,0,0,0,0,0,0,0,0,0,0
265000.0,39.0,1.0,1.0,1.0,0,0,0,0,0,0,0,0,0,0,0,0,0,0,0,1
3700000.0,300.0,4.0,6.0,3.0,0,0,0,0,0,0,1,0,0,0,0,0,0,0,0,0
2806700.0,224.0,3.0,4.0,2.0,0,0,0,0,0,0,1,0,0,0,0,0,0,0,0,0
1210000.0,148.0,3.0,4.0,2.0,0,0,0,0,1,0,0,0,0,0,0,0,0,0,0,0
3800000.0,465.0,4.0,5.0,6.0,1,0,0,0,0,0,0,0,0,0,0,0,0,0,0,0
1620000.0,130.0,3.0,2.0,2.0,0,0,0,0,0,0,0,0,0,0,0,0,0,1,0,0
690000.0,64.0,2.0,1.0,0.0,1,0,0,0,0,0,0,0,0,0,0,0,0,0,0,0
1050000.0,118.0,3.0,4.0,2.0,0,0,0,0,0,0,0,0,0,0,0,0,0,0,0,1
430000.0,69.0,1.0,1.0,1.0,0,0,0,0,0,0,1,0,0,0,0,0,0,0,0,0
525000.0,68.0,2.0,2.0,1.0,0,0,0,0,0,0,0,0,0,0,0,0,0,0,0,1
1439000.0,90.0,2.0,2.0,2.0,0,0,0,0,0,0,1,0,0,0,0,0,0,0,0,0
680000.0,106.0,3.0,1.0,1.0,0,0,0,0,0,0,0,0,0,0,0,0,0,0,0,1
3880000.0,230.0,4.0,6.0,4.0,0,0,0,0,0,0,0,0,0,0,0,0,0,1,0,0
1200000.0,99.0,2.0,2.0,2.0,0,0,0,0,0,0,1,0,0,0,0,0,0,0,0,0
820000.0,90.0,3.0,2.0,0.0,0,0,0,0,0,0,1,0,0,0,0,0,0,0,0,0
290000.0,50.0,2.0,1.0,1.0,0,0,0,0,0,0,0,0,0,0,1,0,0,0,0,0
1550000.0,112.0,3.0,3.0,2.0,0,0,0,0,0,0,1,0,0,0,0,0,0,0,0,0
925000.0,105.0,3.0,3.0,0.0,0,0,0,0,0,0,0,0,0,0,0,0,0,0,0,0
345000.0,50.0,1.0,1.0,1.0,0,0,0,1,0,0,0,0,0,0,0,0,0,0,0,0
440000.0,100.0,1.0,2.0,1.0,0,0,0,0,0,0,0,0,0,0,0,0,0,0,0,1
777000.0,98.0,2.0,2.0,1.0,0,0,0,0,0,0,0,0,1,0,0,0,0,0,0,0
2520000.0,157.0,3.0,4.0,1.0,1,0,0,0,0,0,0,0,0,0,0,0,0,0,0,0
280000.0,27.0,1.0,1.0,0.0,0,0,0,0,0,0,0,0,0,0,0,0,0,1,0,0
1188000.0,81.0,1.0,1.0,1.0,0,0,0,0,0,0,0,0,0,0,0,0,0,0,0,0
1548000.0,107.0,3.0,3.0,2.0,0,0,0,0,0,0,1,0,0,0,0,0,0,0,0,0
799000.0,70.0,2.0,2.0,0.0,0,0,0,0,0,0,0,0,0,0,0,0,0,0,0,0
1700000.0,130.0,3.0,4.0,2.0,0,0,0,0,0,0,1,0,0,0,0,0,0,0,0,0
900000.0,68.0,2.0,2.0,1.0,0,0,0,0,0,0,0,1,0,0,0,0,0,0,0,0
1150000.0,100.0,2.0,2.0,2.0,0,0,0,0,0,0,1,0,0,0,0,0,0,0,0,0
345000.0,62.0,2.0,1.0,0.0,0,0,0,0,0,0,0,0,0,0,0,0,0,0,0,0
2340000.0,213.0,2.0,4.0,2.0,0,0,0,0,0,0,1,0,0,0,0,0,0,0,0,0
1300000.0,84.0,2.0,3.0,1.0,0,0,0,0,0,0,1,0,0,0,0,0,0,0,0,0
3350000.0,199.0,4.0,5.0,2.0,0,0,0,0,0,0,0,0,0,0,0,0,0,1,0,0
2050000.0,160.0,4.0,6.0,2.0,0,0,0,0,0,0,1,0,0,0,0,0,0,0,0,0
305000.0,50.0,2.0,1.0,1.0,0,0,0,0,0,0,0,0,0,0,1,0,0,0,0,0
849500.0,116.0,2.0,2.0,0.0,1,0,0,0,0,0,0,0,0,0,0,0,0,0,0,0
1350000.0,80.0,3.0,3.0,2.0,0,0,0,0,0,0,1,0,0,0,0,0,0,0,0,0
2950000.0,210.0,3.0,6.0,4.0,0,0,0,0,0,0,1,0,0,0,0,0,0,0,0,0
1190000.0,100.0,2.0,2.0,2.0,0,0,0,0,0,0,1,0,0,0,0,0,0,0,0,0
1942925.0,149.0,3.0,5.0,2.0,0,0,0,0,0,0,1,0,0,0,0,0,0,0,0,0
1650000.0,120.0,3.0,4.0,2.0,0,0,0,0,0,0,1,0,0,0,0,0,0,0,0,0
450000.0,50.0,2.0,1.0,0.0,0,0,0,0,0,0,0,0,0,0,0,0,0,0,0,0
1065000.0,93.0,3.0,3.0,1.0,0,0,0,0,0,0,0,0,0,0,0,0,0,0,0,0
739000.0,80.0,3.0,3.0,2.0,0,0,0,0,0,0,0,0,0,0,0,0,0,0,0,1
570000.0,61.0,2.0,2.0,1.0,0,0,0,0,0,0,0,0,0,0,0,0,0,0,0,1
1420000.0,240.0,2.0,3.0,3.0,1,0,0,0,0,0,0,0,0,0,0,0,0,0,0,0
640000.0,76.0,3.0,3.0,1.0,0,0,0,0,0,0,0,0,0,0,0,0,0,0,0,1
870000.0,70.0,2.0,2.0,0.0,0,0,0,0,0,0,0,0,0,0,0,0,0,0,0,0
385000.0,24.0,1.0,1.0,0.0,0,0,0,0,0,0,0,0,0,0,0,0,0,1,0,0
2177000.0,122.0,3.0,5.0,2.0,0,0,0,0,0,0,0,0,0,0,0,0,0,1,0,0
780000.0,100.0,2.0,2.0,1.0,0,0,0,0,0,0,1,0,0,0,0,0,0,0,0,0
900000.0,100.0,2.0,2.0,1.0,0,0,0,0,0,0,0,0,1,0,0,0,0,0,0,0
799000.0,78.0,2.0,2.0,1.0,0,0,0,0,0,0,1,0,0,0,0,0,0,0,0,0
1210000.0,110.0,2.0,2.0,2.0,0,0,0,0,0,0,1,0,0,0,0,0,0,0,0,0
3300000.0,254.0,3.0,4.0,2.0,1,0,0,0,0,0,0,0,0,0,0,0,0,0,0,0
1232000.0,198.0,2.0,3.0,2.0,0,0,0,0,0,0,1,0,0,0,0,0,0,0,0,0
1850000.0,145.0,2.0,4.0,2.0,0,0,0,0,0,0,1,0,0,0,0,0,0,0,0,0
1030000.0,127.0,2.0,3.0,1.0,1,0,0,0,0,0,0,0,0,0,0,0,0,0,0,0
1200000.0,98.0,2.0,2.0,1.0,0,0,0,0,0,0,1,0,0,0,0,0,0,0,0,0
950000.0,100.0,2.0,2.0,1.0,0,0,0,0,0,0,0,0,1,0,0,0,0,0,0,0
770000.0,100.0,2.0,2.0,1.0,0,0,0,0,0,0,0,0,1,0,0,0,0,0,0,0
340000.0,27.0,1.0,1.0,1.0,0,0,0,0,1,0,0,0,0,0,0,0,0,0,0,0
1850000.0,161.0,3.0,3.0,0.0,1,0,0,0,0,0,0,0,0,0,0,0,0,0,0,0
450000.0,35.0,1.0,1.0,1.0,0,0,0,0,0,0,0,0,1,0,0,0,0,0,0,0
776000.0,100.0,2.0,2.0,1.0,0,0,0,0,0,0,0,0,1,0,0,0,0,0,0,0
265000.0,58.0,2.0,1.0,1.0,0,0,0,0,0,0,0,0,0,0,1,0,0,0,0,0
330000.0,26.0,1.0,1.0,1.0,0,0,0,0,0,0,0,0,0,0,0,0,0,0,0,0
750000.0,63.0,2.0,2.0,1.0,0,0,0,0,1,0,0,0,0,0,0,0,0,0,0,0
490000.0,68.0,3.0,2.0,1.0,0,0,0,0,0,0,0,0,0,0,0,0,0,0,0,1
1020000.0,88.0,2.0,2.0,2.0,0,0,0,0,1,0,0,0,0,0,0,0,0,0,0,0
1200000.0,120.0,3.0,3.0,2.0,0,0,0,0,0,0,1,0,0,0,0,0,0,0,0,0
780000.0,76.0,3.0,2.0,0.0,0,0,0,0,0,0,0,0,0,0,0,0,0,0,0,0
500000.0,68.0,2.0,2.0,0.0,0,0,0,0,0,0,0,0,0,0,0,0,0,0,0,0
899000.0,60.0,2.0,2.0,1.0,0,0,0,0,0,0,1,0,0,0,0,0,0,0,0,0
380000.0,53.0,2.0,1.0,0.0,1,0,0,0,0,0,0,0,0,0,0,0,0,0,0,0
2799000.0,334.0,4.0,5.0,2.0,0,0,0,0,0,0,0,0,0,0,0,0,0,1,0,0
529999.0,86.0,3.0,2.0,2.0,0,0,0,0,0,0,0,0,0,0,0,0,0,0,0,1
1590000.0,120.0,3.0,3.0,2.0,0,0,0,0,0,0,1,0,0,0,0,0,0,0,0,0
450000.0,50.0,2.0,1.0,0.0,0,0,0,0,0,0,0,0,0,0,0,0,0,0,0,1
3878000.0,186.0,4.0,5.0,3.0,0,0,0,0,0,0,0,0,0,0,0,0,0,1,0,0
890000.0,97.0,3.0,3.0,1.0,0,0,0,0,0,0,0,0,0,0,0,0,0,0,0,1
1340000.0,100.0,3.0,3.0,2.0,0,0,0,0,0,0,1,0,0,0,0,0,0,0,0,0
590000.0,42.0,1.0,1.0,1.0,0,0,0,0,0,0,0,0,0,0,0,0,0,0,0,0
1995000.0,161.0,4.0,4.0,2.0,0,0,0,0,0,0,0,0,0,0,0,0,0,1,0,0
1150000.0,70.0,2.0,3.0,1.0,0,0,0,0,0,0,0,0,1,0,0,0,0,0,0,0
1140000.0,98.0,2.0,2.0,1.0,0,0,0,0,0,0,1,0,0,0,0,0,0,0,0,0
1720000.0,124.0,3.0,3.0,2.0,0,0,0,0,0,0,0,0,0,0,0,0,0,0,0,0
2450000.0,170.0,4.0,5.0,4.0,0,0,0,0,0,0,0,0,1,0,0,0,0,0,0,0
750000.0,70.0,2.0,2.0,1.0,0,0,0,0,0,0,0,0,1,0,0,0,0,0,0,0
615000.0,39.0,1.0,1.0,1.0,0,0,0,0,0,0,0,0,0,0,0,0,0,0,0,0
1350000.0,100.0,3.0,3.0,2.0,0,0,0,0,0,0,1,0,0,0,0,0,0,0,0,0
1545000.0,105.0,3.0,3.0,2.0,0,0,0,0,0,0,1,0,0,0,0,0,0,0,0,0
435000.0,58.0,2.0,2.0,2.0,0,0,0,0,0,0,0,0,0,0,0,0,0,0,0,1
1180000.0,77.0,2.0,3.0,2.0,0,0,0,0,0,0,1,0,0,0,0,0,0,0,0,0
430000.0,33.0,1.0,1.0,1.0,0,0,0,0,0,0,1,0,0,0,0,0,0,0,0,0
785000.0,64.0,2.0,2.0,0.0,1,0,0,0,0,0,0,0,0,0,0,0,0,0,0,0
1450000.0,108.0,3.0,3.0,2.0,0,0,0,0,0,0,1,0,0,0,0,0,0,0,0,0
3320000.0,290.0,3.0,6.0,3.0,0,0,0,0,0,0,1,0,0,0,0,0,0,0,0,0
950000.0,123.0,2.0,3.0,1.0,0,0,0,0,0,0,0,0,0,0,0,0,0,0,0,1
1240000.0,91.0,3.0,3.0,1.0,0,0,0,0,0,0,0,0,0,0,0,0,0,1,0,0
540000.0,80.0,1.0,1.0,1.0,0,0,0,0,0,0,1,0,0,0,0,0,0,0,0,0
820000.0,80.0,3.0,2.0,0.0,1,0,0,0,0,0,0,0,0,0,0,0,0,0,0,0
770000.0,60.0,2.0,2.0,1.0,0,0,0,0,0,0,1,0,0,0,0,0,0,0,0,0
210000.0,35.0,1.0,1.0,0.0,0,0,0,0,0,0,0,0,0,0,0,0,0,0,0,0
1120000.0,100.0,2.0,2.0,2.0,0,0,0,0,0,0,1,0,0,0,0,0,0,0,0,0
390800.0,26.0,1.0,1.0,1.0,0,0,0,0,0,0,0,0,1,0,0,0,0,0,0,0
2250000.0,203.0,4.0,5.0,3.0,0,0,0,0,0,0,0,0,0,0,0,0,0,0,0,1
750000.0,100.0,2.0,2.0,2.0,0,0,0,0,0,0,0,0,1,0,0,0,0,0,0,0
1190000.0,100.0,2.0,2.0,1.0,0,0,0,0,0,0,1,0,0,0,0,0,0,0,0,0
570000.0,51.0,1.0,1.0,0.0,0,0,0,0,0,0,0,0,0,0,0,0,0,0,0,0
410000.0,35.0,2.0,1.0,1.0,0,0,0,0,1,0,0,0,0,0,0,0,0,0,0,0
680000.0,57.0,1.0,1.0,0.0,1,0,0,0,0,0,0,0,0,0,0,0,0,0,0,0
1595000.0,120.0,2.0,2.0,0.0,1,0,0,0,0,0,0,0,0,0,0,0,0,0,0,0
400000.0,64.0,2.0,1.0,0.0,0,0,0,0,0,0,0,1,0,0,0,0,0,0,0,0
890000.0,98.0,4.0,3.0,1.0,0,0,0,0,0,0,0,0,0,0,0,0,0,0,0,1
900000.0,75.0,2.0,1.0,1.0,0,0,0,0,0,0,0,0,0,0,0,0,0,0,0,0
260000.0,30.0,1.0,1.0,1.0,0,0,0,0,0,0,0,0,0,0,0,0,0,0,0,1
280000.0,31.0,1.0,1.0,1.0,0,0,0,0,0,0,0,0,0,0,0,0,0,0,0,1
650000.0,92.0,3.0,3.0,1.0,0,0,0,0,0,0,0,0,0,0,0,0,0,0,0,1
515000.0,72.0,3.0,2.0,1.0,0,0,0,0,0,0,0,0,0,0,0,0,0,0,0,1
1200000.0,101.0,3.0,3.0,2.0,0,0,0,0,0,0,1,0,0,0,0,0,0,0,0,0
760000.0,120.0,3.0,2.0,1.0,0,0,0,0,0,0,0,0,0,0,0,0,0,0,0,1
260000.0,32.0,1.0,1.0,1.0,0,0,0,0,0,0,0,0,0,0,0,0,0,0,0,1
1065000.0,93.0,3.0,3.0,1.0,0,0,0,0,0,0,0,0,0,0,0,0,0,0,0,0
510000.0,64.0,3.0,1.0,0.0,0,1,0,0,0,0,0,0,0,0,0,0,0,0,0,0
890000.0,102.0,2.0,2.0,2.0,0,0,0,0,0,0,0,1,0,0,0,0,0,0,0,0
1545000.0,133.0,3.0,4.0,1.0,1,0,0,0,0,0,0,0,0,0,0,0,0,0,0,0
260000.0,29.0,1.0,1.0,1.0,0,0,0,0,0,0,0,0,0,0,0,0,0,1,0,0
215000.0,28.0,1.0,1.0,0.0,0,0,0,0,0,0,0,0,0,0,0,0,0,0,0,0
310000.0,88.0,3.0,2.0,1.0,0,0,0,0,0,0,0,0,0,0,0,0,0,0,0,1
960000.0,97.0,2.0,3.0,0.0,1,0,0,0,0,0,0,0,0,0,0,0,0,0,0,0
1350000.0,92.0,3.0,3.0,0.0,0,0,0,0,0,0,1,0,0,0,0,0,0,0,0,0
2100000.0,299.0,4.0,4.0,0.0,1,0,0,0,0,0,0,0,0,0,0,0,0,0,0,0
320000.0,33.0,1.0,1.0,0.0,0,0,0,0,0,0,0,0,0,0,0,0,0,1,0,0
1430000.0,110.0,3.0,2.0,1.0,0,0,0,0,0,0,0,0,0,0,0,0,0,1,0,0
3123700.0,173.0,4.0,6.0,3.0,0,0,0,0,0,0,1,0,0,0,0,0,0,0,0,0
890000.0,77.0,3.0,2.0,0.0,0,0,0,0,0,0,0,0,0,0,0,0,0,0,0,0
580000.0,43.0,1.0,1.0,1.0,0,0,0,0,0,0,0,0,0,0,0,0,0,0,0,0
749000.0,78.0,2.0,1.0,1.0,0,0,0,0,0,0,1,0,0,0,0,0,0,0,0,0
580000.0,62.0,2.0,1.0,0.0,1,0,0,0,0,0,0,0,0,0,0,0,0,0,0,0
1000000.0,80.0,2.0,3.0,1.0,0,0,0,0,0,0,1,0,0,0,0,0,0,0,0,0
430000.0,31.0,1.0,1.0,0.0,0,0,0,0,0,0,0,0,0,0,0,0,0,0,0,0
1350000.0,110.0,3.0,3.0,1.0,0,0,0,0,0,0,0,0,0,0,0,0,0,0,0,0
1300000.0,140.0,3.0,2.0,0.0,1,0,0,0,0,0,0,0,0,0,0,0,0,0,0,0
410000.0,55.0,1.0,1.0,0.0,1,0,0,0,0,0,0,0,0,0,0,0,0,0,0,0
2500000.0,301.0,3.0,4.0,2.0,1,0,0,0,0,0,0,0,0,0,0,0,0,0,0,0
950000.0,100.0,2.0,2.0,1.0,0,0,0,0,0,0,1,0,0,0,0,0,0,0,0,0
800000.0,84.0,2.0,1.0,0.0,1,0,0,0,0,0,0,0,0,0,0,0,0,0,0,0
415000.0,65.0,2.0,2.0,0.0,0,0,0,0,1,0,0,0,0,0,0,0,0,0,0,0
2500000.0,302.0,3.0,4.0,2.0,1,0,0,0,0,0,0,0,0,0,0,0,0,0,0,0
2190000.0,147.0,3.0,5.0,1.0,1,0,0,0,0,0,0,0,0,0,0,0,0,0,0,0
850000.0,82.0,2.0,1.0,0.0,1,0,0,0,0,0,0,0,0,0,0,0,0,0,0,0
1090000.0,141.0,2.0,3.0,1.0,0,0,0,0,0,0,1,0,0,0,0,0,0,0,0,0
1990000.0,125.0,3.0,3.0,2.0,0,0,0,0,0,0,1,0,0,0,0,0,0,0,0,0
350000.0,53.0,2.0,1.0,0.0,0,0,0,0,0,0,0,0,0,0,0,0,0,0,0,0
1130000.0,108.0,4.0,4.0,2.0,0,0,0,0,0,0,0,0,0,0,0,0,0,0,0,1
780000.0,78.0,3.0,2.0,0.0,1,0,0,0,0,0,0,0,0,0,0,0,0,0,0,0
1300000.0,94.0,3.0,3.0,0.0,1,0,0,0,0,0,0,0,0,0,0,0,0,0,0,0
1700000.0,140.0,3.0,5.0,1.0,0,0,0,0,0,0,1,0,0,0,0,0,0,0,0,0
770000.0,98.0,2.0,2.0,1.0,0,0,0,0,0,0,0,0,1,0,0,0,0,0,0,0
920000.0,70.0,2.0,2.0,1.0,0,0,0,0,0,0,0,0,1,0,0,0,0,0,0,0
250000.0,30.0,1.0,1.0,0.0,0,0,0,0,0,0,0,0,0,0,0,0,0,0,0,0
2050000.0,160.0,4.0,6.0,2.0,0,0,0,0,0,0,1,0,0,0,0,0,0,0,0,0
309000.0,37.0,1.0,1.0,0.0,0,0,0,0,0,0,0,0,0,0,0,0,0,0,0,0
420000.0,44.0,1.0,1.0,1.0,0,0,0,0,0,0,0,0,0,0,0,0,0,0,0,1
520000.0,35.0,1.0,1.0,1.0,0,0,0,0,0,0,0,0,1,0,0,0,0,0,0,0
1100000.0,107.0,3.0,3.0,1.0,0,0,0,0,0,0,0,0,0,0,0,0,0,0,0,0
645000.0,78.0,2.0,2.0,2.0,1,0,0,0,0,0,0,0,0,0,0,0,0,0,0,0
830000.0,157.0,4.0,2.0,0.0,0,0,0,0,0,0,0,0,0,0,0,0,0,0,0,0
2150000.0,188.0,4.0,3.0,2.0,0,0,0,0,0,0,0,0,0,0,0,0,0,0,0,0
680000.0,64.0,2.0,1.0,0.0,0,0,0,0,0,0,0,0,0,0,0,0,0,0,0,0
1720000.0,120.0,2.0,4.0,2.0,0,0,0,0,0,0,1,0,0,0,0,0,0,0,0,0
3490000.0,220.0,4.0,6.0,4.0,0,0,0,0,0,0,1,0,0,0,0,0,0,0,0,0
1650000.0,107.0,3.0,1.0,2.0,0,0,0,0,0,0,1,0,0,0,0,0,0,0,0,0
2650000.0,200.0,4.0,6.0,3.0,0,0,0,0,0,0,1,0,0,0,0,0,0,0,0,0
1000000.0,80.0,2.0,3.0,2.0,0,0,0,0,0,0,1,0,0,0,0,0,0,0,0,0
1300000.0,105.0,3.0,3.0,2.0,0,0,0,1,0,0,0,0,0,0,0,0,0,0,0,0
310000.0,27.0,2.0,1.0,1.0,0,0,0,0,0,0,0,0,0,0,0,0,0,1,0,0
485000.0,60.0,2.0,2.0,0.0,1,0,0,0,0,0,0,0,0,0,0,0,0,0,0,0
1065000.0,93.0,3.0,3.0,1.0,0,0,0,0,0,0,0,0,0,0,0,0,0,0,0,0
1700000.0,130.0,3.0,4.0,2.0,0,0,0,0,0,0,1,0,0,0,0,0,0,0,0,0
405000.0,58.0,2.0,2.0,0.0,1,0,0,0,0,0,0,0,0,0,0,0,0,0,0,0
1120000.0,99.0,2.0,2.0,1.0,0,0,0,0,0,0,1,0,0,0,0,0,0,0,0,0
1200000.0,105.0,3.0,1.0,1.0,0,0,0,0,0,0,0,0,0,0,0,0,0,0,0,0
3100000.0,134.0,4.0,3.0,3.0,0,0,0,0,0,0,0,0,0,0,0,0,0,0,0,0
1300000.0,138.0,3.0,3.0,1.0,1,0,0,0,0,0,0,0,0,0,0,0,0,0,0,0
622000.0,50.0,1.0,1.0,1.0,0,0,0,0,0,0,1,0,0,0,0,0,0,0,0,0
3100000.0,250.0,4.0,6.0,3.0,0,0,0,0,0,0,1,0,0,0,0,0,0,0,0,0
800000.0,74.0,2.0,2.0,1.0,0,0,0,0,0,0,0,0,0,0,0,0,0,0,0,0
320000.0,30.0,1.0,1.0,1.0,0,0,0,0,0,0,0,0,0,0,0,0,0,0,0,0
538000.0,61.0,2.0,1.0,0.0,0,0,0,0,0,0,0,0,0,0,0,0,0,1,0,0
1890000.0,121.0,4.0,5.0,2.0,0,0,0,0,0,0,0,0,1,0,0,0,0,0,0,0
695000.0,46.0,1.0,1.0,1.0,1,0,0,0,0,0,0,0,0,0,0,0,0,0,0,0
1590000.0,156.0,3.0,3.0,2.0,0,0,0,0,0,0,0,0,0,0,0,0,0,0,0,0
530000.0,56.0,2.0,2.0,0.0,0,0,0,0,0,0,0,0,0,0,0,0,0,0,0,0
2090000.0,155.0,4.0,6.0,2.0,0,0,0,0,0,0,1,0,0,0,0,0,0,0,0,0
2471000.0,242.0,4.0,4.0,4.0,0,0,0,0,0,0,1,0,0,0,0,0,0,0,0,0
499000.0,100.0,1.0,1.0,1.0,0,0,0,0,0,0,1,0,0,0,0,0,0,0,0,0
1343890.0,80.0,2.0,3.0,2.0,0,0,0,0,0,0,1,0,0,0,0,0,0,0,0,0
2750000.0,238.0,4.0,4.0,1.0,1,0,0,0,0,0,0,0,0,0,0,0,0,0,0,0
1100000.0,118.0,3.0,3.0,1.0,0,0,0,0,0,0,0,0,1,0,0,0,0,0,0,0
1200000.0,78.0,2.0,3.0,1.0,0,0,0,0,0,0,1,0,0,0,0,0,0,0,0,0
750000.0,97.0,3.0,2.0,0.0,1,0,0,0,0,0,0,0,0,0,0,0,0,0,0,0
499000.0,75.0,2.0,1.0,1.0,0,0,0,0,0,0,1,0,0,0,0,0,0,0,0,0
530000.0,55.0,2.0,2.0,1.0,0,0,0,1,0,0,0,0,0,0,0,0,0,0,0,0
530000.0,59.0,2.0,2.0,1.0,0,0,0,0,0,0,0,0,0,0,0,0,0,0,0,1
330000.0,30.0,1.0,1.0,1.0,0,0,0,0,0,0,0,0,0,0,0,0,0,1,0,0
380000.0,36.0,2.0,1.0,0.0,0,0,0,0,0,0,0,0,0,0,0,0,0,0,0,0
1210000.0,100.0,2.0,2.0,1.0,0,0,0,0,0,0,0,0,1,0,0,0,0,0,0,0
930000.0,97.0,3.0,3.0,1.0,0,0,0,0,0,0,0,0,0,0,0,0,0,0,0,1
1190000.0,177.0,2.0,2.0,2.0,0,0,0,0,0,0,1,0,0,0,0,0,0,0,0,0
205000.0,30.0,1.0,1.0,0.0,0,0,0,0,1,0,0,0,0,0,0,0,0,0,0,0
930000.0,99.0,2.0,2.0,0.0,0,0,0,0,0,0,0,0,1,0,0,0,0,0,0,0
1100000.0,78.0,2.0,3.0,1.0,0,0,0,0,0,0,0,0,0,0,0,0,0,1,0,0
1299000.0,68.0,2.0,2.0,2.0,0,0,0,0,0,0,1,0,0,0,0,0,0,0,0,0
1100000.0,99.0,2.0,2.0,2.0,0,0,0,0,0,0,1,0,0,0,0,0,0,0,0,0
1900000.0,128.0,3.0,4.0,2.0,0,0,0,0,0,0,1,0,0,0,0,0,0,0,0,0
770000.0,98.0,2.0,2.0,1.0,0,0,0,0,0,0,1,0,0,0,0,0,0,0,0,0
697000.0,57.0,2.0,2.0,1.0,0,0,0,1,0,0,0,0,0,0,0,0,0,0,0,0
590000.0,96.0,3.0,1.0,0.0,0,0,0,0,0,0,0,0,0,0,0,0,0,0,0,0
1680000.0,130.0,3.0,4.0,2.0,0,0,0,0,0,0,1,0,0,0,0,0,0,0,0,0
590000.0,41.0,1.0,1.0,1.0,0,0,0,0,0,0,1,0,0,0,0,0,0,0,0,0
1420000.0,99.0,3.0,3.0,1.0,0,0,0,0,0,0,0,0,0,0,0,0,0,0,0,0
230000.0,36.0,1.0,1.0,0.0,0,0,0,0,0,0,0,0,0,0,0,0,0,0,0,0
1250000.0,75.0,2.0,2.0,1.0,0,0,0,0,0,0,1,0,0,0,0,0,0,0,0,0
1830000.0,112.0,3.0,3.0,2.0,0,0,0,0,0,0,1,0,0,0,0,0,0,0,0,0
1170000.0,140.0,2.0,2.0,1.0,0,0,0,0,0,0,0,0,0,0,0,0,0,0,0,0
290000.0,42.0,1.0,1.0,0.0,0,0,0,0,0,0,0,0,0,0,0,0,0,0,0,0
398900.0,57.0,2.0,1.0,0.0,0,0,0,1,0,0,0,0,0,0,0,0,0,0,0,0
3208000.0,172.0,4.0,6.0,3.0,0,0,0,0,0,0,0,0,0,0,0,0,0,1,0,0
780000.0,127.0,4.0,4.0,2.0,0,0,0,0,0,1,0,0,0,0,0,0,0,0,0,0
1100000.0,115.0,3.0,2.0,3.0,0,0,0,0,0,0,0,1,0,0,0,0,0,0,0,0
4212700.0,297.0,4.0,7.0,4.0,0,0,0,0,0,0,1,0,0,0,0,0,0,0,0,0
520000.0,37.0,1.0,1.0,0.0,0,0,0,0,0,0,0,0,0,0,0,0,0,0,0,0
579924.0,37.0,1.0,1.0,1.0,0,0,0,0,0,0,0,0,0,0,0,0,0,0,0,0
2799000.0,190.0,4.0,6.0,4.0,0,0,0,0,0,0,1,0,0,0,0,0,0,0,0,0
285000.0,25.0,1.0,1.0,1.0,0,0,0,0,0,0,0,0,0,0,0,0,0,0,0,0
1600000.0,197.0,4.0,5.0,4.0,0,0,0,0,0,0,0,0,0,0,0,0,0,1,0,0
1199999.0,100.0,2.0,2.0,1.0,0,0,0,0,0,0,1,0,0,0,0,0,0,0,0,0
300000.0,35.0,1.0,1.0,0.0,0,0,0,0,0,0,0,0,0,0,0,0,0,0,0,0
620000.0,65.0,2.0,1.0,1.0,1,0,0,0,0,0,0,0,0,0,0,0,0,0,0,0
500000.0,68.0,2.0,1.0,1.0,0,0,0,0,0,0,0,0,0,0,0,0,0,0,0,1
230000.0,55.0,2.0,1.0,0.0,0,0,0,0,0,0,0,0,0,0,0,0,0,0,1,0
370000.0,37.0,1.0,1.0,1.0,0,0,0,0,1,0,0,0,0,0,0,0,0,0,0,0
3868982.0,437.0,4.0,6.0,4.0,0,0,0,0,0,0,1,0,0,0,0,0,0,0,0,0
505000.0,77.0,3.0,2.0,1.0,0,0,0,0,0,0,0,0,0,0,0,0,0,0,0,1
1250000.0,145.0,4.0,4.0,3.0,0,0,0,0,0,0,0,0,0,0,0,0,0,0,0,1
2400000.0,180.0,4.0,5.0,3.0,0,0,0,0,0,0,1,0,0,0,0,0,0,0,0,0
2880000.0,225.0,4.0,5.0,2.0,1,0,0,0,0,0,0,0,0,0,0,0,0,0,0,0
1356000.0,158.0,2.0,3.0,2.0,0,0,0,0,0,0,1,0,0,0,0,0,0,0,0,0
325000.0,38.0,1.0,1.0,1.0,0,0,0,0,0,0,0,0,0,0,0,0,0,0,0,1
510000.0,64.0,3.0,1.0,0.0,0,1,0,0,0,0,0,0,0,0,0,0,0,0,0,0
345000.0,26.0,1.0,1.0,1.0,0,0,0,0,0,0,0,0,0,0,0,0,0,0,0,0
1980000.0,140.0,4.0,4.0,3.0,0,0,0,0,0,0,1,0,0,0,0,0,0,0,0,0
350000.0,50.0,1.0,1.0,1.0,0,0,0,0,0,0,0,0,0,0,0,0,0,1,0,0
260000.0,35.0,1.0,1.0,0.0,0,0,0,0,0,0,0,0,0,0,0,0,0,0,0,0
1630000.0,120.0,3.0,4.0,2.0,0,0,0,0,0,0,1,0,0,0,0,0,0,0,0,0
920000.0,99.0,2.0,2.0,1.0,0,0,0,0,0,0,0,0,1,0,0,0,0,0,0,0
549000.0,34.0,1.0,1.0,1.0,0,0,0,0,0,0,1,0,0,0,0,0,0,0,0,0
615000.0,88.0,3.0,1.0,2.0,0,0,0,0,0,0,0,0,0,0,0,0,0,0,0,1
1150000.0,110.0,3.0,3.0,1.0,0,0,0,0,0,0,0,0,1,0,0,0,0,0,0,0
770000.0,98.0,2.0,2.0,1.0,0,0,0,0,0,0,1,0,0,0,0,0,0,0,0,0
1120000.0,100.0,2.0,2.0,1.0,0,0,0,0,0,0,1,0,0,0,0,0,0,0,0,0
1155000.0,95.0,2.0,3.0,2.0,0,0,0,0,0,0,1,0,0,0,0,0,0,0,0,0
320000.0,52.0,2.0,1.0,1.0,0,0,0,0,0,0,0,0,0,0,0,0,0,0,0,1
289999.0,50.0,1.0,1.0,1.0,0,0,0,0,1,0,0,0,0,0,0,0,0,0,0,0
3750000.0,513.0,4.0,6.0,4.0,0,0,0,0,0,0,1,0,0,0,0,0,0,0,0,0
1100000.0,118.0,3.0,3.0,1.0,0,0,0,0,0,0,0,0,1,0,0,0,0,0,0,0
320000.0,26.0,1.0,1.0,1.0,0,0,0,0,0,0,0,0,0,0,0,0,0,0,0,0
630000.0,64.0,2.0,1.0,0.0,0,0,0,0,0,0,0,0,0,0,0,0,0,1,0,0
565000.0,66.0,2.0,2.0,1.0,0,0,0,0,0,0,0,0,0,0,0,0,0,0,0,1
450000.0,46.0,1.0,1.0,0.0,0,0,0,0,0,0,0,0,0,0,0,0,0,0,0,0
649000.0,133.0,2.0,2.0,1.0,0,0,0,0,0,0,0,0,0,0,0,0,0,0,0,1
500000.0,56.0,2.0,1.0,0.0,1,0,0,0,0,0,0,0,0,0,0,0,0,0,0,0
395000.0,34.0,1.0,1.0,1.0,0,0,0,0,0,0,0,0,0,0,0,0,0,0,0,1
2590000.0,284.0,4.0,5.0,3.0,0,0,0,0,0,0,0,0,0,0,0,0,0,0,0,1
690000.0,77.0,3.0,1.0,2.0,0,0,0,0,0,0,0,0,0,0,0,0,0,0,0,1
1299000.0,123.0,3.0,2.0,1.0,0,0,0,0,0,0,0,0,0,0,0,0,0,0,0,0
520000.0,58.0,2.0,2.0,1.0,0,0,0,0,1,0,0,0,0,0,0,0,0,0,0,0
334800.0,63.0,2.0,1.0,0.0,0,0,0,0,0,0,0,0,0,0,0,0,0,0,0,0
2350000.0,282.0,4.0,6.0,3.0,0,0,0,0,0,0,0,0,1,0,0,0,0,0,0,0
530000.0,63.0,2.0,2.0,1.0,0,0,0,0,0,0,0,0,0,0,0,0,0,0,0,1
900000.0,68.0,2.0,2.0,1.0,0,1,0,0,0,0,0,0,0,0,0,0,0,0,0,0
200000.0,40.0,1.0,1.0,0.0,0,0,0,0,0,1,0,0,0,0,0,0,0,0,0,0
2125153.0,126.0,3.0,4.0,2.0,0,0,0,0,0,0,0,0,0,0,0,0,0,1,0,0
2200000.0,173.0,3.0,4.0,3.0,0,0,0,0,0,0,1,0,0,0,0,0,0,0,0,0
235000.0,28.0,1.0,1.0,0.0,0,0,0,0,0,0,0,0,0,0,0,0,0,0,0,1
1950000.0,148.0,3.0,3.0,1.0,1,0,0,0,0,0,0,0,0,0,0,0,0,0,0,0
230000.0,92.0,2.0,1.0,1.0,0,0,0,0,0,0,0,0,0,0,0,0,0,0,1,0
1250000.0,166.0,3.0,2.0,1.0,0,0,0,0,0,0,0,0,0,0,0,0,0,0,0,0
653000.0,62.0,2.0,1.0,0.0,0,0,0,0,0,0,0,0,0,0,0,0,0,1,0,0
550000.0,62.0,2.0,1.0,0.0,1,0,0,0,0,0,0,0,0,0,0,0,0,0,0,0
515000.0,69.0,2.0,2.0,1.0,0,0,0,0,0,0,0,0,0,0,0,0,0,0,0,1
465000.0,120.0,3.0,2.0,2.0,0,0,0,0,0,0,0,0,0,0,1,0,0,0,0,0
280000.0,75.0,2.0,2.0,0.0,0,0,0,0,0,0,0,0,0,0,0,0,0,0,0,0
950000.0,82.0,3.0,3.0,1.0,0,0,0,0,0,0,0,0,0,0,0,0,0,1,0,0
660000.0,63.0,3.0,1.0,0.0,1,0,0,0,0,0,0,0,0,0,0,0,0,0,0,0
2190000.0,160.0,3.0,5.0,1.0,1,0,0,0,0,0,0,0,0,0,0,0,0,0,0,0
1520000.0,165.0,3.0,3.0,2.0,0,0,0,0,0,0,1,0,0,0,0,0,0,0,0,0
760000.0,72.0,2.0,2.0,1.0,0,0,0,0,0,0,0,1,0,0,0,0,0,0,0,0
310000.0,30.0,1.0,1.0,0.0,1,0,0,0,0,0,0,0,0,0,0,0,0,0,0,0
1306000.0,84.0,2.0,3.0,2.0,0,0,0,0,0,0,1,0,0,0,0,0,0,0,0,0
1350000.0,100.0,3.0,3.0,0.0,0,0,0,0,0,0,0,0,0,0,0,0,0,1,0,0
710000.0,135.0,3.0,2.0,2.0,0,0,0,1,0,0,0,0,0,0,0,0,0,0,0,0
1182000.0,74.0,2.0,3.0,2.0,0,0,0,0,0,0,1,0,0,0,0,0,0,0,0,0
320000.0,43.0,1.0,1.0,0.0,0,0,0,0,0,0,0,0,0,0,0,0,0,0,0,0
680000.0,83.0,3.0,2.0,1.0,0,0,0,0,0,0,0,0,0,0,0,0,0,0,0,1
322000.0,50.0,1.0,1.0,1.0,0,0,0,0,0,0,0,0,0,0,0,0,0,0,0,1
270000.0,42.0,1.0,1.0,0.0,0,0,0,0,0,0,0,0,0,0,0,0,0,0,0,0
240000.0,30.0,1.0,1.0,1.0,0,0,0,0,0,0,0,0,0,0,0,0,0,0,0,1
1320000.0,170.0,3.0,3.0,1.0,0,0,0,0,0,0,0,0,0,0,0,0,0,0,0,0
1100000.0,92.0,2.0,2.0,1.0,0,0,0,0,0,0,0,0,0,0,0,0,0,0,0,0
450000.0,37.0,1.0,1.0,1.0,0,0,0,0,0,0,0,0,0,0,0,0,0,0,0,0
1650000.0,140.0,3.0,2.0,1.0,1,0,0,0,0,0,0,0,0,0,0,0,0,0,0,0
1410000.0,132.0,3.0,3.0,1.0,0,0,0,0,0,0,0,0,0,0,0,0,0,0,0,0
550000.0,70.0,2.0,2.0,2.0,0,0,0,0,1,0,0,0,0,0,0,0,0,0,0,0
265000.0,28.0,1.0,1.0,1.0,0,0,0,0,0,0,0,0,0,0,0,0,0,0,0,0
275000.0,52.0,2.0,1.0,2.0,0,0,0,0,0,0,0,0,0,0,1,0,0,0,0,0
860000.0,77.0,3.0,1.0,0.0,0,0,0,0,0,0,0,0,0,0,0,0,0,0,0,0
455000.0,33.0,1.0,1.0,2.0,0,0,0,0,0,0,1,0,0,0,0,0,0,0,0,0
300000.0,47.0,2.0,1.0,1.0,0,0,0,0,0,0,0,0,0,0,1,0,0,0,0,0
250000.0,33.0,1.0,1.0,0.0,0,0,0,0,0,0,0,0,0,0,0,0,0,0,0,0
780000.0,103.0,3.0,3.0,2.0,0,0,0,0,0,0,0,0,0,0,0,0,0,0,0,1
2890000.0,200.0,3.0,6.0,3.0,0,0,0,0,0,0,1,0,0,0,0,0,0,0,0,0
720000.0,83.0,3.0,2.0,2.0,0,0,0,1,0,0,0,0,0,0,0,0,0,0,0,0
435000.0,54.0,2.0,1.0,1.0,0,0,1,0,0,0,0,0,0,0,0,0,0,0,0,0
1250000.0,83.0,2.0,3.0,1.0,0,0,0,0,0,0,1,0,0,0,0,0,0,0,0,0
1692000.0,158.0,4.0,5.0,3.0,0,0,0,0,0,0,0,0,0,0,0,0,0,0,0,1
330000.0,33.0,1.0,1.0,1.0,0,0,0,0,0,0,0,0,0,0,0,0,0,0,0,0
780000.0,92.0,2.0,2.0,1.0,1,0,0,0,0,0,0,0,0,0,0,0,0,0,0,0
990000.0,160.0,4.0,3.0,2.0,0,0,0,1,0,0,0,0,0,0,0,0,0,0,0,0
550000.0,44.0,2.0,1.0,0.0,0,0,0,0,0,0,0,0,0,0,0,0,0,0,0,0
880000.0,66.0,3.0,2.0,1.0,0,0,0,0,0,0,0,1,0,0,0,0,0,0,0,0
730000.0,62.0,2.0,2.0,0.0,1,0,0,0,0,0,0,0,0,0,0,0,0,0,0,0
1250000.0,120.0,2.0,3.0,2.0,0,0,0,0,0,0,1,0,0,0,0,0,0,0,0,0
290000.0,48.0,2.0,1.0,1.0,0,0,0,0,0,0,0,0,0,0,0,0,0,0,0,0
380000.0,46.0,2.0,1.0,1.0,0,0,0,0,0,0,0,0,0,0,1,0,0,0,0,0
3360000.0,247.0,3.0,5.0,3.0,0,0,0,0,0,0,1,0,0,0,0,0,0,0,0,0
430000.0,36.0,1.0,1.0,1.0,0,0,0,1,0,0,0,0,0,0,0,0,0,0,0,0
1590000.0,131.0,3.0,2.0,0.0,1,0,0,0,0,0,0,0,0,0,0,0,0,0,0,0
450000.0,51.0,2.0,1.0,0.0,0,0,0,0,0,0,0,0,0,0,0,0,0,0,0,0
574300.0,37.0,1.0,1.0,1.0,0,0,0,0,0,0,0,0,0,0,0,0,0,0,0,0
550000.0,67.0,2.0,1.0,0.0,1,0,0,0,0,0,0,0,0,0,0,0,0,0,0,0
490000.0,58.0,2.0,1.0,0.0,0,0,0,0,0,0,0,0,0,0,0,0,0,0,0,0
715000.0,83.0,3.0,2.0,0.0,1,0,0,0,0,0,0,0,0,0,0,0,0,0,0,0
3500000.0,280.0,5.0,4.0,1.0,0,0,0,0,0,0,0,0,0,0,0,0,0,0,0,0
690000.0,64.0,2.0,1.0,0.0,1,0,0,0,0,0,0,0,0,0,0,0,0,0,0,0
730000.0,79.0,3.0,2.0,0.0,0,0,0,0,0,0,0,0,0,0,0,0,0,0,0,0
1301000.0,85.0,2.0,3.0,2.0,0,0,0,0,0,0,1,0,0,0,0,0,0,0,0,0
1520000.0,113.0,4.0,3.0,2.0,0,0,0,1,0,0,0,0,0,0,0,0,0,0,0,0
